toxin_id,sequence,toxin_family,source_species,molecular_weight,protein_type,function,target,potency
PHO001,YPLPEFVYLNLTIPMQYNVNWQENMKFCFFYQLPHIKFVYIMYEVYVSTVICLFCLSMYSC,phospholipase_a2,Naja naja,9037.4,toxin,hemotoxic,cell membrane,2.93
PHO002,VYECSDVCMMAEDQDESTKGPRNYSPNYNLVWCNHKGFWVKGPINYMDGLTSMERFHYLRRYWGAAHPAAVDVVTYGSCWKPIFEPFDPAELT,phospholipase_a2,Bungarus caeruleus,20088.1,toxin,hemotoxic,cell membrane,3.82
SNA003,QRSFILIGLEHMNLTDGWMTCFASHHCVLDMSQLSNEMVERYNKPIGTWPAHPAEQMIHLNRKDVQNGLTFNGKIVSFGYYWTKMKVPQDNNQPYFLEHKNKNRWSQ,snake_venom_metalloprotease,Dendroaspis polylepis,7114.7,toxin,hemotoxic,cell membrane,0.65
SNA004,FPKWEQEESQTMYGMKKPDPFCCWVAPVTCGCNVEHLFCNPQMVALDEMVRSYFEIPDNEIREFRWEIDRPSCTTAYHEKNG,snake_venom_serine_protease,Ophiophagus hannah,22642.3,toxin,hemotoxic,cell membrane,2.86
SNA005,ICCNEYSSYIPVPPNMNGHHNHIEAAGFVSPDVKQCWVNIRVCSRMQADLSYHYAHQDPADRSSQYRNFLWWFSIDHKYYIFKPAQ,snake_venom_metalloprotease,Dendroaspis polylepis,16791.2,toxin,hemotoxic,cell membrane,4.45
PHO006,KSQGAHDLPETCWTYVMWGFWVYTYVDGVGCYCRHVFKLMVLPQGHEFQEPMCRLDTESFFQRTIHRDRDGIKCKSGEARH,phospholipase_a2,Ophiophagus hannah,16794.3,toxin,hemotoxic,cell membrane,0.44
PHO007,WTLEWWHQRPLPGQVAWTQPTSMQSITIFYSHNTHDECDGWYSELRLDGIEEGQKFHRTENL,phospholipase_a2,Ophiophagus hannah,22367.4,toxin,hemotoxic,cell membrane,3.12
PHO008,YHNIIVPYHGPFYSNVRKEKWMNSWVHTGQRAGYLEDDCGGVSFWGRIQRMSHGIPDNKLMRQLDELWISHLHIALCRESIAKWVAEFSSKCYRLVHP,phospholipase_a2,Dendroaspis polylepis,8122.9,toxin,hemotoxic,cell membrane,1.47
SNA009,RYRAMGHKLGWHRWNYMVVELSKSPDFNAVEQQMAPFTREQFTDSWCIRQAKQHQERSWVKQFDDILNGEIIIGSYVR,snake_venom_metalloprotease,Dendroaspis polylepis,8846.2,toxin,hemotoxic,cell membrane,4.75
C_T010,AAKFTYGIFCYTYETPSNDTWWRWMCWFQHTMVNSDEPTQTSQHKINCCAQLGQTQQTNCNLLSANVYVLDKVVLINRKHQKT,c_type_lectin,Dendroaspis polylepis,20653.2,toxin,hemotoxic,cell membrane,2.58
THR011,QFYCFCCSDHHVWVMRAAHSHMYRQKEVNCFHTMCRHAEIFLSIYWGSWTYYGKRDQITSVMSDDFKDIFHYLFLGWIHVHWHANNRYYCTGWSQVPWKATRNIVYETHFVCYEKS,three_finger_toxin,Dendroaspis polylepis,8555.1,toxin,neurotoxic,nicotinic acetylcholine receptor,2.71
THR012,YKPNLLDSDDLCWECDYLKNHCQMCTPQQAMTWLVCFCILRTDRDGNVCKCQYFYFQMVGLIIQDRMKHIAAAEQPHQEDRVMLTIEVGANDNVKQISMYRQSVGIEMDPVQLIMTCNN,three_finger_toxin,Ophiophagus hannah,11572.7,toxin,neurotoxic,nicotinic acetylcholine receptor,4.2
SNA013,RHQQGQTGGMWLPMMGSSVIHKPKDAKVHGRPWYEFQCNHSLPFFMAYDQQRCQSMKFEPPHHQKDDYWGSIHISFEDDLDVNTWDDYFYRWGGDQRRYHNNYNNGWHIVKHSD,snake_venom_serine_protease,Daboia russelii,14472.0,toxin,hemotoxic,cell membrane,2.58
SNA014,KEPYSMENFFAMPPAAPLQKCFKVDKLRCWDCIWFTVHTRTRCPASTTAQVDAHGMQMKDNYYTDDQTEDIRRWNYIRREEHLNGSRDQVKTRMRKNTASKFMGLTTWYDLMKVSDD,snake_venom_metalloprotease,Naja naja,17484.5,toxin,hemotoxic,cell membrane,0.43
SNA015,QWGREEDNSVCCILVSIIVDYVRSCLAALVTVWQMMPKQILREDGEESCYKHTCNFWYVYHQLWSHLYAQERKVMDYLTPAIWLHASDR,snake_venom_serine_protease,Naja naja,23079.4,toxin,hemotoxic,cell membrane,1.71
C_T016,SPICHDQRSQSSPCFTDECAQLTGYEKLEAPGCLQVCTMCQHCHSGVRWSMKYSQFCDNYEDSGKHQKKDN,c_type_lectin,Bungarus caeruleus,12592.4,toxin,hemotoxic,cell membrane,0.47
THR017,DHRQSNKYWWRPFFDWAAVKHIITTCDPICNCHMDYTANPMRNPMSIQGIWKNNERNEMLSDSLNCDPWVMTTKKSNEYDDTTFWAMPTTVRWMVFHQPMLDALCIYMCMT,three_finger_toxin,Daboia russelii,13382.5,toxin,neurotoxic,nicotinic acetylcholine receptor,3.03
PHO018,SAFNAVYLPCYIAATQGHARFRGPRIDSNYCERQMGFWGCGLEMKTYALEVARITKQRIYNTWADMYRYIQKEFHHLTPGDYFCYYLFVRRCKFNLNKHWNNQ,phospholipase_a2,Ophiophagus hannah,7805.7,toxin,hemotoxic,cell membrane,3.97
SNA019,LPKHMVDKSLGEEMGEGFIYPRNIEMMRCPQMCMRQNTHNSSQFQMIDVISCILWMFDQYKFLLHRDRSSIHMDGMVTSFPYDWSM,snake_venom_serine_protease,Daboia russelii,24272.1,toxin,hemotoxic,cell membrane,4.32
C_T020,EHMFRHIWKEFTCMVRNGNAHDRAQVSWMMRTPFTKPKHHSGQFIRCDWQVYVKCPCNAGVFTHEGYGDQKCVRCKKMNCSLETAAFERCRKC,c_type_lectin,Bungarus caeruleus,16534.8,toxin,hemotoxic,cell membrane,3.57
