id,description,sequence,length,toxin_type,species,effects,source
XCA51370.1,snake venom phospholipase A2 [Bitis arietans],MTALWIVAVWLMGVEGDLNQFKEMIDHVSGRRFWYYLSYGCYCGWGGSGKPQDATDRCCFVHDCCYGITDKCGPKTAFYNYKFQNGDIICGDENPCLKEVCECDRVAAICFRNNRDTYDPKYVGYSMFTLECKKETEQC,139,Phospholipase A2,Bitis arietans,"['Neurotoxicity', 'Myotoxicity']",NCBI
XCA51353.1,snake venom phospholipase A2 [Bitis arietans],MTALWIVAVWLMGVEGDLNQFKEMIDHVSGRRFWYYLSYGCYCGWGGSGKPQDATDRCCFVHDCCYGITDKCGPKTAFYNYKFQNGDIICGDENPCLKEVCECDRVAAICFRNNKDTYDPNYFAFKLKSNECKKETEQC,139,Phospholipase A2,Bitis arietans,"['Neurotoxicity', 'Myotoxicity']",NCBI
XCA51350.1,snake venom phospholipase A2 [Bitis arietans],MTAFWIVAVWLMGVEGHLNQFREMIDHVSGRSFLAYLSYGCYCGWGGSGKPQDATDRCCFVHDCCYGITDKCGPKTAFYNYKFQNGDIICGDENPCLKEVCECDRVAAICFRNNRDTYDPKYVGYSMFTLECKKETEQC,139,Phospholipase A2,Bitis arietans,"['Neurotoxicity', 'Myotoxicity']",NCBI
XCA51265.1,snake venom phospholipase A2 [Bitis arietans],MTALWIVAVWLMGVEGDLNQFKEMIDHVSGRRFWYYLSYGCYCGWGGSGKPQDATDRCCFVHDCCYGITDKCGPKTAFYNYKFQNGDIICGDENPCLKEVCECDRVAAICFRNNRDTYDPKYVGYSMFTLECKKETEQC,139,Phospholipase A2,Bitis arietans,"['Neurotoxicity', 'Myotoxicity']",NCBI
XCA51249.1,snake venom phospholipase A2 [Bitis arietans],MTALWIVAVWLMGVEGDLNQFKEMIDHVSGRRFWYYLSYGCYCGWGGSGKPQDATDRCCFVHDCCYGITDKCGPKTAFYNYKFQNGDIICGDENPCLKEVCECDRVAAICFRNNKDTYDPNYFAFKLKSNECKKETEQC,139,Phospholipase A2,Bitis arietans,"['Neurotoxicity', 'Myotoxicity']",NCBI
XCA51247.1,snake venom phospholipase A2 [Bitis arietans],MTALWIVAVWLMGVEGDLNQFREMIDHVSGRSFWRYMFYGCYCGWGGSGKPQDATDRCCFVHDCCYGITDKCGPKTAFYNYKFQNGDIICGDENPCLKEVCECDRVAAICFRNNRDTYDPKYVGYSMFTLECKKETEQC,139,Phospholipase A2,Bitis arietans,"['Neurotoxicity', 'Myotoxicity']",NCBI
XCA51238.1,snake venom phospholipase A2 [Bitis arietans],MRALWIVAVWLMGVEGDLNQFREMIDHVWGRSFFSYLSYGCYCGWGGSGKPQDATDRCCFVHDCCYGITDKCGPKTAFYKYEFQNGDIICGDENPCKKEVCECDKVAAFCFRNNQDTYDPKYVGYSMFTLECKKETEQC,139,Phospholipase A2,Bitis arietans,"['Neurotoxicity', 'Myotoxicity']",NCBI
XCA51214.1,snake venom phospholipase A2 [Bitis arietans],MRALWIVAVWLMGVEGDLNQFREMIDHVSGRSFFSYLSYGCYCGWGGSGKPQDATDRCCFVHDCCYGITDKCGPKTAFYKYEFQNGDIICGDENPCKKEVCECDKVAAFCFRNNQDTYDPKYVGYSMFTLECKKETEQC,139,Phospholipase A2,Bitis arietans,"['Neurotoxicity', 'Myotoxicity']",NCBI
XCA51213.1,snake venom phospholipase A2 [Bitis arietans],MRALWIVAVWLMGVEGSLVEFGQMITEETEKPVFPFYMFYGCYCGWGGNGKPIDATDRCCFVHDCCYGNLPDCSPKTDMYKYHRENEAIVCDKGTSCENRICECDKAAAICFRENLKTYKDGNMFYKGPECSMPSEKC,138,Phospholipase A2,Bitis arietans,"['Neurotoxicity', 'Myotoxicity']",NCBI
KAG5858194.1,snake venom acidic phospholipase A2 precursor [Bothrops jararaca],MRTLWIVAVLLVGVEGNLWQFGRMIQQETGKHPLFHYLSYGCYCGWGGGGQPKDATDRCCYVHDCCYGKVTGCDPKIDIYTYSKETGDIVCGGDDPCKKQICECDRVAAICFQDNKDTYDKKYRFLNAENCQEASEAC,138,Phospholipase A2,Bothrops jararaca,"['Neurotoxicity', 'Myotoxicity']",NCBI
AAB36472.1,"phospholipase A2 basic subunit, PLA2-I subunit B [Vipera aspis, zinnikeri, venom, Peptide, 122 aa]",NLFQFAKMINGKLGAFSVWNYISYGCYCGWGGQGTPKDATDRCCFVHDCCYGRVRGCNPKLAIYSYSFKNGNIVCGKNLGCLRDICECDRVAANCFHQNKNTYNKNYRFKSSSRCRQTSEQC,122,Phospholipase A2,Vipera aspis,"['Neurotoxicity', 'Myotoxicity']",NCBI
AAB36471.1,"phospholipase A2 acidic subunit, PLA2-I subunit A [Vipera aspis, zinnikeri, venom, Peptide, 122 aa]",NLFQFGDMILQKTGKEAVHSYAIYGCYCGWGGQGRAQDATDRCCFAQDCCYGRVNDCNPKMATYTYSFENGDIVCGDNDLCLRAVCECDRAAAICLGENVNTYDKNYEYYSISHCTEESEQC,122,Phospholipase A2,Vipera aspis,"['Neurotoxicity', 'Myotoxicity']",NCBI
AAB33760.1,"OS2=secretory phospholipase A2 [Oxyuranus scutellatus=Taipan snakes, ssp. scutellatus, venom, Peptide, 119 aa]",NLAQFGFMIRCANGGSRSPLDYTDYGCYCGKGGRGTPVDDLDRCCQVHDECYGEAEKRLGCSPFVTLYSWKCYGKAPSCNTKTDCQRFVCNCDAKAAECFARSPYQKKNWNINTKARCK,119,Phospholipase A2,Oxyuranus scutellatus,"['Neurotoxicity', 'Myotoxicity']",NCBI
AAB33759.1,"OS1=secretory phospholipase A2 [Oxyuranus scutellatus=Taipan snakes, ssp. scutellatus, venom, Peptide, 127 aa]",SLLNFANLIECANHGTRSALAYADYGCYCGKGGRGTPLDDLDRCCHVHDDCYGEAEKLPACNYLMSSPYFNSYSYKCNEGKVTCTDDNDECKAFICNCDRTAAICFAGATYNDENFMISKKYNDICQ,127,Phospholipase A2,Oxyuranus scutellatus,"['Neurotoxicity', 'Myotoxicity']",NCBI
AAB28455.1,"phospholipase A2 isozyme III, PLA2-III {EC 3.1.1.4} [Trimeresurus gramineus=green habu snakes, venom, Peptide, 122 aa]",NLMQFETLIMKVAGRSGVWYYGSYGCFCGAGGQGRPQDASDRCCFVHDCCYGKVNGCDPKKDFYTYSEENGAIVCGGDDPCKKEICECDKDAAICFRDNKDTYDNKYWFFPAKNCQEESEPC,122,Phospholipase A2,Craspedocephalus gramineus,"['Neurotoxicity', 'Myotoxicity']",NCBI
AAB28454.1,"phospholipase A2 isozyme IV, PLA2-IV {EC 3.1.1.4} [Trimeresurus gramineus=green habu snakes, venom, Peptide, 122 aa]",HLMQFETLIMKVAGRSGVWYYGSYGCFCGAGGQGRPQDASDRCCFVHDCCYGKVNGCDPKKDFYTYSEENGDIVCGGDDPCKKEICECDKDAAICFRDNKDTYDNKYWFFPAKNCQEESEPC,122,Phospholipase A2,Craspedocephalus gramineus,"['Neurotoxicity', 'Myotoxicity']",NCBI
AAB26654.1,"phospholipase A2 monomers {EC 3.1.1.4} [Agkistrodon piscivorus, piscivorus, venom, Peptide, 122 aa]",DLMQFETLIMKIAKRSGMFWYSAYGCYCGWGGQGRPQDATDRCCFVHDCCYGKVTGCDPKLDSYTYSVENGDVVCGGNNPCKKEICECDRAAAICFRDNKVTYDNKYWRFPPQNCKEESEPC,122,Phospholipase A2,Agkistrodon piscivorus,"['Neurotoxicity', 'Myotoxicity']",NCBI
AAB25792.1,"lysine-49 phospholipase A2 [Agkistrodon piscivorus, ssp. piscivorus, venom, Peptide, 123 aa]",NLFQFEKLIKKMTGKSGMLWYSAYGCYCGWGGQGRPKDATDRCCFVHDCCYGKVTGCNPKMDIYTYSVDNGNIVCGGTNPCKKQICECDRAAAICFRDNLKTYDSKTYWKYPKKNCKEESEPC,123,Phospholipase A2,Agkistrodon piscivorus,"['Neurotoxicity', 'Myotoxicity']",NCBI
AAB24834.1,"phospholipase A2 [Bungarus fasciatus=banded krait, venom, Peptide Mutant, 118 aa]",NMVQFKSMVQCTSTRPWLDYVDYGCNCDIGGTGTPLDELDRCCQTHANCYTEARKFPECAPYYKTYSYTCSGGTITCNADNDECAASVCNCDRTAALCFAGAPYNQNNFDVDLETRCQ,118,Phospholipase A2,Bungarus fasciatus,"['Neurotoxicity', 'Myotoxicity']",NCBI
AAB20783.1,"notechis 11'2=non-toxic phospholipase A2 [Notechis scutatus=Australian tiger snakes, ssp. scutatus, venom, Peptide, 118 aa]",NLYQFGNMIQCANHGRRPTLAYADYGCYCGAGGSGTPVDELDRCCKAHDDCYGEAGKKGCYPTLTLYSWQCIEKTPTCNSKTGCERSVCDCDATAAKCFAKAPYNKKNYNIDTEKRCQ,118,Phospholipase A2,Notechis scutatus,"['Neurotoxicity', 'Myotoxicity']",NCBI
P82942.1,RecName: Full=Hemorrhagic metalloproteinase-disintegrin-like kaouthiagin; AltName: Full=Snake venom metalloproteinase; Short=SVMP,TNTPEQDRYLQAEKYIEFYVIVDNRMYRYYNYDKPAIKIRVYEMINAVNTKFRPLKIHIALIGLEIWSNEDKFEVKPAASVTLKSFREWRQTVLLPRKRNDNAQLLTGINLNGTAVGIAYPGSLCTQRSVFVVQDYNRRMSLVASTMTHELGHNLGIHHDEASCICIPGPCIMLKKRTAPAFQFSSCSIRDYQEYLLRDRPQCILNKPLSTDIVSPAICGNYFVEEGEECDCGSPAACQSACCDAATCKFNGAGAECRAAKHDCDLPELCTGQSAECPTDSLQRNGHPCQNNQGYCYNGKCPTLTNQCIALLGPHFTVSPKGCFDLNMRGDDGSFCRMEDGTKIPCAAKDVKCGRLYCTEKNTMSCLIPPNPDGIMAEPGTKCGDGMVCSKGQCVDVQTAY,401,Snake Venom Metalloproteinase,Naja kaouthia,"['Hemorrhagic', 'Tissue damage']",NCBI
Q90495.1,RecName: Full=Zinc metalloproteinase-disintegrin-like ecarin; AltName: Full=Snake venom metalloproteinase; Short=SVMP; Flags: Precursor,MIQILLVIICLAVFPYQGCSIILGSGNVNDYEVVYPQKVTALPKGAVQQPEQKYEDAMQYEFEVKGEPVVLHLEKNKELFSEDYSETHYSSDDREITTNPSVEDHCYYHGRIQNDAESTASISACNGLKGHFKLRGETYFIEPLKIPDSEAHAVYKYENIENEDEAPKMCGVTQDNWESDEPIKKTLGLIVPPHERKFEKKFIELVVVVDHSMVTKYNNDSTAIRTWIYEMLNTVNEIYLPFNIRVALVGLEFWCNGDLINVTSTADDTLHSFGEWRASDLLNRKRHDHAQLLTNVTLDHSTLGITFVYGMCKSDRSVELILDYSNITFNMAYIIAHEMGHSLGMLHDTKFCTCGAKPCIMFGKESIPPPKEFSSCSYDQYNKYLLKYNPKCILDPPLRKDIASPAVCGNEIWEEGEECDCGSPADCRNPCCDAATCKLKPGAECGNGECCDKCKIRKAGTECRPARDDCDVAEHCTGQSAECPRNEFQRNGQPCLNNSGYCYNGDCPIMLNQCIALFSPSATVAQDSCFQRNLQGSYYGYCTKEIGYYGKRFPCAPQDVKCGRLYCLDNSFKKNMRCKNDYSYADENKGIVEPGTKCEDGKVCINRKCVDVNTAY,616,Snake Venom Metalloproteinase,Echis carinatus,"['Hemorrhagic', 'Tissue damage']",NCBI
P17347.3,RecName: Full=Disintegrin metalloproteinase/disintegrin echistatin; Contains: RecName: Full=Snake venom metalloproteinase; Short=SVMP; Contains: RecName: Full=Disintegrin echistatin; Short=Ech; AltName: Full=Carinatin; AltName: Full=Disintegrin echistatin-alpha-1; AltName: Full=Platelet aggregation activation inhibitor; Contains: RecName: Full=Disintegrin echistatin-alpha-2; Flags: Precursor,IGIAYNRGMCDPKKSVGTVMDHSTEHLSVAVAMAHEMGHNLGMDHDGNQCNCGGAGCVMSEELIESRSYKFSDCSKNQYQNYLTIYKPQCILNQPLRTDTVSTPVSGNELLQNSANPCYDPLTCHPREGEQCESGPCCRNCKFLKEGTICKRARGDDMDDYCNGKTCDCPRNPHKGPATAKGSVLM,186,Snake Venom Metalloproteinase,Echis carinatus sochureki,"['Hemorrhagic', 'Tissue damage']",NCBI
U3KRG1.1,RecName: Full=Snake venom metalloproteinase TM-1; Short=SVMP; AltName: Full=Zinc-dependent metalloproteinase,QQRFPQRYVMLAIVADHGMVTKYSGNSSAITTRVHQMVSHVTEMYSPLNIATTLSLLRIWSSKDLITVQSDSSVTLGSFGDWRKVVLLSQQAHDCAFLNTATALDDSTIGLAYSNGMCDPKFSVGLVQDHSSNVFMVAVTMTHELGHNLGMAHDEAGGCACSSCIMSPAASSGPSKLFSDCSKDDYQTFLTNTNPQCILNAP,202,Snake Venom Metalloproteinase,Protobothrops mucrosquamatus,"['Hemorrhagic', 'Tissue damage']",NCBI
P0DJ43.1,RecName: Full=Zinc metalloproteinase-disintegrin-like mikarin; AltName: Full=Snake venom metalloproteinase; Short=SVMP,TNTPEQDRYLQVKKYLEYVVVDNNMYRNYGNAGPCVMSAEISFEPLQEFSSCDIQEPLSQDIVQPAVCGNYYVEVGGECDCGSPKPCRSACCNAATCKLQREHQCDSGECCEKKDDCDLPEICTGRSAKCSCVISQGDLGYGMVEPGTKCTDGMVCSNEQCVDVQTAAK,169,Snake Venom Metalloproteinase,Micropechis ikaheca,"['Hemorrhagic', 'Tissue damage']",NCBI
E9NW27.1,RecName: Full=Zinc metalloproteinase/disintegrin PMMP-2; Contains: RecName: Full=Snake venom metalloproteinase; Short=SVMP; Contains: RecName: Full=Disintegrin trimucrin; Flags: Precursor,MIQVLLVTICLAVFPYQGSSIILESGNVDDYEVVYPRRVSALPKGAVQPKYEDAMQYEFKVNGEAVVLHLEKNKGLFSEDYSETHYSPDGREITTYPSVEDHCYYHGRIHNDADSTASISACDGLKGYFKLQGETYLIEPLKLPDSEAHAVYKYENIEKEDEAPKMCGVTQNWESDESIKKASQLNLTPLQQRFLQRYVKLAIVVDYRMYIKYNRDSNKITVRAHEMVNHVNEMYKPLNITITLSLLQIWSQNDLITVQPASSITLRLFGNWRKTVLLNQQNHDNAQLLTDIVFNGRTIGKAPVAGMCQPDRSVGVVRDYSSNVFVVAVIMTHELGHNLGMEHDEDKNEKKCKCDTCIMAPAISDPPAQLFSDCSKNDYQLFLTVYNPQCILNAPLRTDTVSTPVSGNEFLEAGEECDCGSPENPCCDAATCKLRPGAQCAEGLCCDQCRFKKKRTICRRARGDNPDDRCTGQSADCPRNGLYG,484,Snake Venom Metalloproteinase,Protobothrops mucrosquamatus,"['Hemorrhagic', 'Tissue damage']",NCBI
P0C7A9.1,RecName: Full=Snake venom metalloproteinase bothrojaractivase; Short=SVMP,RYIELAVVADHGMFTKYRVHELVNTVNGFFRSKQDLIKVQKDKTLTSFGEWRERDLLPRI,60,Snake Venom Metalloproteinase,Bothrops jararaca,"['Hemorrhagic', 'Tissue damage']",NCBI
Q0NZX6.1,RecName: Full=Zinc metalloproteinase-disintegrin jararin; AltName: Full=Snake venom metalloproteinase; Short=SVMP,FVANRMAHELGHNLGIDNDRDSCSCGANSCIMSATVSNEPSSRFSDCSLNQYSSDLINYYGCLLNEPLRTDIVSPPFCGNYYPEVGEDCDCGPPANCQNPCCDAATCKLTTGSQCAEGLCCDQCKFIKARQICRKGRGDNPDDRCTGQSGDCPRNS,156,Snake Venom Metalloproteinase,Bothrops jararaca,"['Hemorrhagic', 'Tissue damage']",NCBI
Q2EI26.1,RecName: Full=Snake venom metalloproteinase AaPA; Short=SVMP; AltName: Full=Agkistrodon acutus prothrombin activator; Flags: Precursor,MIQVLLVTICLAAFPYQGSSIILESGKVNDYEVVYPQRLAPLPEGAVQQKYEDTMQYEFKVNGEPVVLHLEKNKGLFSKDYSEIHYSPDGRRITTHPLVEDHCYYRGHIRNDADSTASISACHGLKGHFKLRGETYLIEPMKISNSEAHAVYKYENVEKEDEAHKMCGVTQNWESYEPIKKASQLIVSTEFQRYMEIVIVVDHSMVKKYNGDSDKIKAWVYEMINTITESYSYLYIDIILSGLEIWSEKDLINVETSAENTLKSFGEWRAKDLIHRISHDNAQLLTATDFDGPTIGLAYVASMCDPKRSVGVVQDHSSVNRLVAITLAHEMAHNLGVRHDEGSCSCGSGYTCIMSPVINSEVIKYFSDCSYIQCREYISKENPPCILNKPLRTDTVSTPVSGNELLEAEKDYD,413,Snake Venom Metalloproteinase,Deinagkistrodon acutus,"['Hemorrhagic', 'Tissue damage']",NCBI
Q2UXQ5.1,RecName: Full=Zinc metalloproteinase-disintegrin-like EoVMP2; AltName: Full=Haemorrhagic 56 kDa metalloproteinase; AltName: Full=Snake venom metalloproteinase; Short=SVMP; AltName: Full=Zinc metalloproteinase-disintegrin-like Eoc22; Flags: Precursor,MMQVLLVTICLAVFPYQGSSIILESGNVNDYEIVYPQKVTALPIEAILQPEQKYEDAMQYEFEVNGEPVVLHLEKNKNLFTKDYSETHYSPDGREITTKPLIEDHCYYHGRIQNDAHSTASISACNGLKGHFKLQGETYLIEPLKIPDSEAHAVYKYENIEKEDEALKMCGVKHTNWESDEPIKEASQLFATSEQHRFRERYIEFFIVVDQRMYNKHNNDSAAIRTWIFEMLNTVNEIYLPWNIHVPLVGLEFWTQGDLINVVSSADKTLDSFGEWRRRDLLNRKAHDNAHLITAMHFDAQTLGLAYTGSMCHPKYSTGVFQDSSEINIFVAITLAHELGHNLGISHDVPSCTCQTKACIMSPYLSDQPTKLFSNCSEIQYERFLTQRNPKCMINKPLRTDIISPPVCGNGLLEREEECDCGSPENCRDPCCDAASCKLHSWVECESGECCDQCRFKRAGTLCRPARDDCDMAESCSGHSADCPIDGFHANGQPCSHNLGYCYNGKCPLTLYQCRAFLGKDVVGVQESCFQYNRLGNTYAYCRKENGRKIPCAPKDEKCGRLYCSYKSFGDYISCLPCYRANEEDKGMVDEGTKCGEGKVCSNGYCVDLNVAY,613,Snake Venom Metalloproteinase,Echis ocellatus,"['Hemorrhagic', 'Tissue damage']",NCBI
Q9W7S2.1,RecName: Full=Snake venom metalloproteinase aculysin-1; Short=SVMP; Flags: Precursor,MIQVLLVTICLAAFPYQGSSIMLESGKVNDYEVVYPQRLAPLPEGAVQQKYEDTMQYEFKVNGETIVLHLEKNKGLFSKDYSETHYSPDGRKITTYPSVEDHCYYHGRIENYEDSTASISACNGLKGHFKIQGETYFIESLKLSDSEAHAVFKYENVEKEDETHKICGVTQNWKSYDPIKKPSWLNLTPKQQTWPQTSVNLQLIVDHSMYAKYNSNSEKITKTLQERVNIMKEIFKPLNLDITLSGIEMWDKKDLITVKTAATDTLKLFAKWRQTDLLKRIDNDNAQLQTAVDFDGETVGLAFKSTMCDKRYSAGIIQDHSAIPLLMAVTMAHELGHNLGMDHDDTSKCNCNVCIMAPRLNTNPSKTFSDCSNNDYQKFLTDKKPKCIHKKSLKTDTVSTSVSGNEPLDDNVDGFHA,417,Snake Venom Metalloproteinase,Deinagkistrodon acutus,"['Hemorrhagic', 'Tissue damage']",NCBI
Q9IAY2.1,RecName: Full=Snake venom metalloproteinase H5; Short=SVMP; Flags: Precursor,FPYQGSSIMLESGKVNDYEVVYPQRLAPLPEGAVQQKYEDTMQYEFKVNGETIGLHMEKSKGLFSKDYSETHYSPDGRKITTYPSVEDHCYYHGRIENYEDSTASISACNGLKGHFKIQGETYFIESLKLSDSEAHAVFKYENVEKEDETHKMCGVTQNWKSYDPIKKPSWVNLTPKQQTWPQTSVNLQLVVDRSMYAKYNSDSEKITQTLQERVNIMKEIFKPLNLDITLSVIEMWDKKDLITVKTAATDTLKLFPKWRQTDLLKRIDNDNAQLQTAVDFDGETVGLAFKGTMCDKRYSAGIIQDHSAIPLLMAVTMAHELGHNLGMDHDDTYKCNCNVCIMPPRLNTNPSKTFSDCSNNDYQKFLTDKKPKCIHKKSLKTDTVSTSVSGNEPLDDNVDGFHA,404,Snake Venom Metalloproteinase,Deinagkistrodon acutus,"['Hemorrhagic', 'Tissue damage']",NCBI
Q90ZI3.1,RecName: Full=Zinc metalloproteinase-disintegrin-like HV1; AltName: Full=Snake venom metalloproteinase; Short=SVMP; AltName: Full=Vascular apoptosis-inducing protein; Short=VAP; Flags: Precursor,MIQVLLVTICLAVFPYQGSSIILESGNVNDYEVVYPRKVTALPKGAVQQKYEDAMQYEFTVNGEPVVLHLEKNKGLFSEDYSETHYSPDGREITTNPPVEDHCYYHGRIQNDADLTASISACDGLKGHFKLQGETYIIEPLKLPDSEAHAVFKYENVEKEDEAPKMCGVTQSNWESDESIKEDSQSNLTPAQQKYLNAKKYVKFFLVADHIMYLKYGRNLTTLRTRMFDTVNIVNQILQRINIHVALIGIEIWSKEDKIIVQSVPDVTLKLFATWRESVLLKRKNHDNAHLLTGINFNGPTAGLAYLGGICKPMYSAGIVQDHNKIHHLVAIAMAHEMGHNLGMDHDKDTCTCRAKACVMAGTLSCDASYLFSDCSRQEHRAFLIKNMPQCILKKPLKTDVVSPPVCGNYFVEVGEDCDCGSPATCRDPCCDAATCKLRQGAQCAEGLCCDQCRFKAAGTECRAATDECDMADLCTGRSAECTDRFQRNGQPCQNNNGYCYNRTCPTMNNQCIALFGPNAAVSQDACFQFNRQGNYYGYCRKEQNTKIACEPQNVKCGRLYCIDSSPAKKNPCNIIYSPNDEDKGMVLPGTKCADGMACNSNGQCVDVNRTY,612,Snake Venom Metalloproteinase,Protobothrops flavoviridis,"['Hemorrhagic', 'Tissue damage']",NCBI
Q8UVG0.1,RecName: Full=Zinc metalloproteinase-disintegrin-like berythractivase; AltName: Full=Snake venom metalloproteinase; Short=SVMP; AltName: Full=ery1; Flags: Precursor,MIQVLLVIICLEAFPYQGSSIILESGNVNDYEVVYPRKVTALSKGAVHPKYEDAMQYEFKVNGEPVVLHLEKNKGLFSEDYSEIHYSPDGREITTYPLVEDHCYYHGRIQNDADSSASISACNGLKGHFKLQGEMYLIEPFKLPDSEAHAVFKYENVEKEDEAPKMCGVTETNWESDEPIKKASLLNLTPEQQAYLDAKKYVEFVVVLDHGMYKKYKDDLDKIKRRIYEIVNTMNEMFIPLNICVALTGLEIWSKGDKINVTSESWFTLILFTNWRGADLLKRKSHDNAQLLTNTDFDGSTIGRAHIGSMCHPYLSVGIIQDYSPVNLLVASTMAHEMGHNLGMHHDNDTCTCGAPSCVMAAAISKDPSKLFSNCSQEYQRKYLIKNRPQCLLNKPLRTDIISPPVCGNELLEVGEECDCGTPENCRDPCCNATTCKLTPGSQCVEGLCCDQCRFRKTGTECRAAKHDCDLPESCTGQSADCPMDDFQRNGHPCQNNNGYCYNGKCPTMENQCIDLVGPKATVAEDSCFKDNQKGNDYGYCRKENGKKIPCEPQDVKCGRLYCNDNSPGQNNPCKCIYFPRNEDRGMVLPGTKCADGKVCSNRHCVDVATAY,612,Snake Venom Metalloproteinase,Bothrops erythromelas,"['Hemorrhagic', 'Tissue damage']",NCBI
Q5XUW8.1,RecName: Full=Zinc metalloproteinase/disintegrin; Contains: RecName: Full=Snake venom metalloproteinase insularinase-A; Short=SVMP; Contains: RecName: Full=Disintegrin insularin; Flags: Precursor,MIQVLLVTICLAAFPYQGSSIILESGNVNDYEVVYARKVTELPKGAVQQKYEDAMQYEFKVNGEPVVLHLEKNKGLFSEDYSETHYSPDGRQIITYPPFEDHCYYHGRIENDADSTASISACNGLKGHFKLQGETYLIEPLKLPDSEAHAVYKYENVEKEDEAPKMCGVTETNWESYEPIEKASQSNLTPEQQKFSPRYIELAVVADHGMFTKYNSNLNTIRTRVHEMVNTLNGFFRSVNVDASLANLEVWSKKDLIKVEKDSSKTLTSFGEWRERDLLPRISHDHAQLLTTIVFDQQTIGLAYTAGMCDPRQSVAVVMDHSKKNLRVAVTMAHELGHNLGMDHDDTCTCGAKSCIMASTISKGLSFEFSKCSQNQYQTYLTDHNPQCILNKPLTTVSGNELLEAGEECDCGAPENPCCDAATCKLRPRAQCAEGLCCDQCRFKGAGKICRRARGDNPDDRCTGQSADCPRNRFHA,476,Snake Venom Metalloproteinase,Bothrops insularis,"['Hemorrhagic', 'Tissue damage']",NCBI
O57413.1,RecName: Full=Zinc metalloproteinase/disintegrin; Contains: RecName: Full=Snake venom metalloproteinase TM-3; Short=SVMP; AltName: Full=Atrolysin e; AltName: Full=Fibrinlysin; AltName: Full=Trimutase; Contains: RecName: Full=Disintegrin trimucrin; Flags: Precursor,MIEVLLVTICLAVFPYQGSSIILESGNVNDYEVVYPRKVSALPKGAVQPKYEDAMQYEFKVNGEAVVLHLEKNKGLFSEDYSETHYSPDGREITTYPSVEDHCYYHGRIHNDADSTASISACDGLKGYFKLQGETYPIEPLELSDSEAHAVFKYENVEKEDEAPKMCGVTQNWESDESIKKASQLYLTPEQQRFPQRYIKLAIVVDHGMYTKYSSNFKKIRKRVHQMVSNINEMCRPLNIAITLALLDVWSEKDFITVQADAPTTAGLFGDWRERVLLKKKNHDHAQLLTDTNFARNTIGWAYVGRMCDEKYSVAVVKDHSSKVFMVAVTMTHELGHNLGMEHDDKDKCKCDTCIMSAVISDKQSKLFSDCSKDYYQTFLTNDNPQCILNAPLRTDTVSTPVSGNEFLEAGEECDCGSPENPCCDAATCKLRPGAQCAEGLCCDQCRFKKKRTICRRARGDNPDDRCTGQSADCPRNGLYG,481,Snake Venom Metalloproteinase,Protobothrops mucrosquamatus,"['Hemorrhagic', 'Tissue damage']",NCBI
O42138.1,RecName: Full=Zinc metalloproteinase-disintegrin-like ACLD; AltName: Full=Snake venom metalloproteinase; Short=SVMP; AltName: Full=VMP-III; Short=AclVMP-III; Flags: Precursor,MIQVLLVTLCLAVFPYQGSSIILESGNVNDYEVVYPRKVTVLPKGAVQPKYEDAMQYEFKVNGEPVVLHLEKNKQLFSKDYSETHYSPDGREITTYPLVEDHCYYHGRIENDADSTASISACNGLKGHFKLQGEMYLIDPLKLPDSEAHAVFKYENVEKEDEAPKMCGVTQNWESYEPIKKASQLNLTPEQQAYLDAKKYVEFVVVLDHGMYTKYKDNLDKIKTRIFEIVNTMNEMFIPLNIRVALICLEIWSDKDKFNMTSAANVTSISFRNWRATDLLKRKSHDNAQLLTVIDFDGPTIGKAYMASMCDPKRSVGIIQDHSTINLMMAVTMAHEMGHNLGMDHDEKYCTCGAKSCVMAKALSRQPSKLFSNCSQEDYRKYLIKRRPKCILNEPNGTDIVSPPVCGNELLEVGEECDCGSPTNCQNPCCDAATCKLTPGSQCADGVCCDQCRFTRAGTECRQAKDDCDMADLCTGQSAECPTDRFQRNGHPCLNDNGYCYNRTCPTLKNQCIYFFGPNAAVAKDSCFKGNQKSNNHTYCRKENGKKIPCAPQDIKCGRLYCFRNLPGKKNICSVIYTPTDEDIGMVLPGTKCEDGKVCSNGHCVDVNIAYKSTTGFSQI,620,Snake Venom Metalloproteinase,Agkistrodon laticinctus,"['Hemorrhagic', 'Tissue damage']",NCBI
P14530.3,RecName: Full=Zinc metalloproteinase/disintegrin; Contains: RecName: Full=Snake venom metalloproteinase HR2a; Short=SVMP; AltName: Full=Snake venom metalloproteinase HR2b; AltName: Full=Trimerelysin II; Contains: RecName: Full=Disintegrin flavostatin; AltName: Full=Platelet aggregation activation inhibitor; Flags: Precursor,MIEVLLVTICLAVFPYPGSSIILESGNVDDYEVVYPQKLTALPKGAVQPKYEDAMQYEFKVNGEPVVLHLEKNKGLFSEDYSETHYSPDGREITTYPSVEDHCYYHGRIQNDADSTASISACDGLKGYFKLQGETYLIEPLELSDSEAHAVFKYENVEKEDEAPKMCGVTQNWESDESIKKASQLYLTPEQQRFPQRYIELAIVVDHGMYTKYSSNFKKIRKRVHQMVNNINEMYRPLNIAITLSLLDVWSEKDLITMQAVAPTTARLFGDWRETVLLKQKDHDHAQLLTDINFTGNTIGWAYMGGMCNAKNSVGIVKDHSSNVFMVAVTMTHEIGHNLGMEHDDKDKCKCEACIMSAVISDKPSKLFSDCSKDYYQTFLTNSKPQCIINAPLRTDTVSTPVSGNEFLEAGEECDCGSPSNPCCDAATCKLRPGAQCADGLCCDQCRFKKKRTICRRARGDNPDDRCTGQSADCPRNS,478,Snake Venom Metalloproteinase,Protobothrops flavoviridis,"['Hemorrhagic', 'Tissue damage']",NCBI
P84035.1,RecName: Full=Snake venom metalloproteinase basparin-A; Short=SVMP,SHDNAQLLTAIKAYIATMCDPKMAVIMAHEIGHGGYYGYCRKIPCAPEDVKDDDIGMVLPGTK,63,Snake Venom Metalloproteinase,Bothrops asper,"['Hemorrhagic', 'Tissue damage']",NCBI
Q9PW36.1,RecName: Full=Snake venom metalloproteinase acutolysin-C; Short=SVMP; Flags: Precursor,MIQVLLVTICLAALPYQGSSIMLESGKVNDYEVVYPQRLAPLPEGAVQQKYEDTMQYEFKVNGETIVLHLEKNKGLFSKDYSETHYSPDGRKITTYPSVEDHCYYHGRIENYEDSTASISACNGLKGHFKIQGETYFIESLKLSDSEAHAVLKYENVGKEDETHQICGVTLNWKSYDPIKRPSRLNLTPKQQTWPQTSVNLQLIVDHSMYAKYNSNSEKITKTVQERVNIMKEIFKPLNFDITLSGIEMWDKKDLITVKTAATDTLKLFAKWRQTDLLKRIDNDNAQLQTAVDFDGETVGLAFKSTMCDKRYSAGIIQDHSAIPLLMAVTIAHELGHNLGMDHDDTSKCNCNVCIMAPRLNTNPSKTFSDCSNNDYQKFLTDKKPKCIHKKSLKTDTVSTSVSGNEPLDDNVDGFHA,417,Snake Venom Metalloproteinase,Deinagkistrodon acutus,"['Hemorrhagic', 'Tissue damage']",NCBI
P20165.3,RecName: Full=Snake venom metalloproteinase trimerelysin-2; Short=SVMP; AltName: Full=H2 metalloproteinase; Short=H2-proteinase; AltName: Full=Trimerelysin II,QRFPQRYIELAIVVDHGMYKKYNQNSDKIKVRVHQMVNHINEMYRPLNIAISLNRLQIWSKKDLITVKSASNVTLESFGNWRETVLLKQQNNDCAHLLTATNLNDNTIGLAYKKGMCNPKLSVGLVQDYSPNVFMVAVTMTHELGHNLGMEHDDKDKCKCEACIMSDVISDKPSKLFSDCSKNDYQTFLTKYNPQCILNAP,201,Snake Venom Metalloproteinase,Protobothrops flavoviridis,"['Hemorrhagic', 'Tissue damage']",NCBI
C0HM67.1,RecName: Full=Snake venom metalloproteinase rhomb-I; AltName: Full=Hemorrhagic metalloproteinase rhomb-I,FSQKYIELVVVADHGMFTKYNGNLNTIRTRVHEIVNTLNGFYRSLNVRVSLTELEIWSNQDLINVQSAAADTLKTFGEWRERVLLNRISHDNAQLLTAIDLADNTIGIAYTGGMCYPKNSVGIVQDHSPKTLLIAVTMAHELGHNLGMKHDENHCHCSASFCIMPPSISEGPSYEFSDCSKDYYQMFLTKRKPQCILNKP,200,Snake Venom Metalloproteinase,Lachesis muta rhombeata,"['Hemorrhagic', 'Tissue damage']",NCBI
V5TBK6.1,RecName: Full=Zinc metalloproteinase-disintegrin-like protein H4 subunit A; AltName: Full=Hemorrhagin 4 subunit A; AltName: Full=Metalloproteinase H4-A; AltName: Full=P-III metalloproteinase H4 subunit A; AltName: Full=Snake venom metalloproteinase; Short=SVMP; AltName: Full=VaH4-A; Flags: Precursor,MIQPLLVVTCLVVFPYQVSSIILESGNVNDYEVVYPQKVTSLPKGAVQQPEQKYEDTMQYEFKVNGEPVVLHLEKNKGLFSEDYSETHYSPDGREITTNPPVEDHCYYHGHIQNEADSTASISACNGLKGHFKLQGETYLIEPLKIPESEAHAVYKYENIEKEDEAPKMCGVTETNWESDEPIRKASQLVATSEQRRNIQKYIELVIVVDNVMFRKYTGNSTAIRTRIYEIVNTLNVVFRNVHIFVALVGIEIWNKKDQIKVKSAESVTLDLFGDWREKDLLRRKRHDNAQLLTGIDLNEQTLGIAPMSGMCKPKSSVGLIQDYCKSYLLVAIVMAHELGHNLGMDHDDGNCICREMPCIMSPEAGSKPAFYFSDCSWNQYQKFRNDIKSKCIDNKPLKTDIVSPAFCGNYFVEEGEECDCGFPGNCRNPCCNATTCKLTPGSECGDGECCDQCRIQTAGTECRPAWDECDVPEYCTGQSAECPTDVLQRNGQPCKNNNGYCYNGVCPILTNQCISLFGSSVTVAPDRCFNNNLQGTENFHCGMENGRYIKCKPQDKKCGRLFCVEPPTGGGINCKSIRSEGDPDHGMVDLGTKCADGKVCNSNRQCVDVNTAY,614,Snake Venom Metalloproteinase,Vipera ammodytes ammodytes,"['Hemorrhagic', 'Tissue damage']",NCBI
R4NNL0.1,RecName: Full=Zinc metalloproteinase-disintegrin-like protein H3; AltName: Full=H3 metalloproteinase 1; AltName: Full=Hemorrhagin 3; AltName: Full=P-IIIc metalloproteinase H3; AltName: Full=Snake venom metalloproteinase; Short=SVMP; AltName: Full=VaH3; Flags: Precursor,MIQVLLVIICLAVFPYQGSSIILESGNVNDYEVVYLQKVTAMNKGAVKQPEQKYEDTMQYEFKVNGEPVILHLEKNKDLFSEDYSETHYSPDGREITTNPPVEDHCYYHGRIQNDADSTASISACNGLKGHFQLRGETYFIEPLKIPDSEAHAVYKYENVEKEDEAPKTCGVTQTNWESDELIKKASQLNLTPEQQRYLNSPKYIKLVIVADYIMFLKYGRSLITIRTRIYEIVNLLNVIYRVLNIYIALVGLEIWNNGDKINVLPEAKVTLDLFGKWRETDLLNRRKHDNAQLLTGINFNGPTAGLGYLGSMCNPQYSAGIVQDHNKVNFLVALAMAHEMGHNLGMDHDGIQCTCGAKSCIMSGTLSCEASIRFSNCSQEEHRKYLINKMPQCILNKPLKTDIVSPAVCGNYLVELGEDCDCGSPRDCQNPCCNAATCKLTPGSQCADGECCDQCKFGRAGTVCRPANGECDVSDVCTGQSAECPTDQFQRNGHPCQNNNGYCYNGTCPILGKQCISLFGASATVAQDACFQFNRLGNEYGYCRKENGRKIPCAPQDVKCGRLYCFDNLPEHKNPCQIYYTPRDENKGMVDPGTKCGDGMACSSNGQCVDVNTAY,616,Snake Venom Metalloproteinase,Vipera ammodytes ammodytes,"['Hemorrhagic', 'Tissue damage']",NCBI
A0A0B4U9L8.1,RecName: Full=Zinc metalloproteinase-disintegrin-like protein F1; AltName: Full=Fibrinogenase 1; AltName: Full=Metalloproteinase F1; AltName: Full=P-IIIa metalloproteinase F1; AltName: Full=Snake venom metalloproteinase; Short=SVMP; AltName: Full=VaF1; Flags: Precursor,MLQVLLVTICLAVFPYQGSSIILESGNVNDYEVVYPQKLTALLKGAIQQPEQKYEDAMQYEFKVNGKPVVLHLEKNKGLFSEDYSETHYSPDGREITTNPPVEDHCYYHGHIQNDAHLTASISACNGLKGHFQLRGETYLIEPLKIPDSEAHAVYKYENVEKEDEGPKKCGVTQTNWKSDEPIKASQFILTPEQRAYMNANKYIKLAIVVDNVMFRKYTGNFTAIRTRIYEIVNTLNLIYTILNIHIALVFLEIWSKGDSINVQSVVDVTLNSFGEWRERDLLNRKRHDNAQLLTGINFNGDTIGFGFVGSMCIPKKSVGIVQDHSKTHLLVATTMAHELGHNLGINHDGDSCTCQANSCIMAAKLSHQPSYQFSDCSINELWMYLISHTPRCILNEPLTTDVVSPAVCGNYVVEEGEECDCGSLWYCRNPCCDAATCKLKPGAECGDGVCCYQCRFVTAGTVCRPARSECDIPEYCSGQSVECPMDHIQKNGKPCLMNHGYCYNGRCPIMIHQCIALWGPGTTVSSDVCFQRNESGQGYSYCRRENNQNIPCAPQDVKCGRLYCKFHNVNTLPCNFKYSDFAPDYGLVDHGTKCGDGKVCNSNRQCVDVNTAY,614,Snake Venom Metalloproteinase,Vipera ammodytes ammodytes,"['Hemorrhagic', 'Tissue damage']",NCBI
P0DQT6.1,RecName: Full=Snake venom metalloproteinase BmooMP-I; Short=SVMP,AFSPRYIELAVVADNGMFTKYNSNLNTIRTRVHEMVNTVNGFYSSVNANASLANLQVWSIKDLIKVEKDSNKTLTSFGEWRERDLLPRISHDHAQLLTTIVFDNYVIGRSRSGKMCDPEQSVGVVRDHSKNNLWVAVTMAHELGHNLDMHHDDTCSCGAKSCIMASVLSKTKSYAFSTCSQNEYQTFLTKHNPQCILNEP,200,Snake Venom Metalloproteinase,Bothrops moojeni,"['Hemorrhagic', 'Tissue damage']",NCBI
C0L2T8.1,RecName: Full=Zinc metalloproteinase/disintegrin; AltName: Full=Metalloproteinase PII; Short=MPII; Contains: RecName: Full=Snake venom metalloproteinase; Short=SVMP; Contains: RecName: Full=Disintegrin Cdc; Flags: Precursor,MIQVLLVTICLAAFPYQGSSIILESGNVNDYEVIYPRKVTALPKGAVQPKYEDTMQYELKVNGQPVVLHLEKNKGLFSKDYSETHYSPDGRKITTNPSVEDHCYYHGRIENDADSTASISACNGLKGHFKLQGEMYIIEPLELSDSEDHAVFKLENVEKEDEAPKMCGVTQNWESNEPIKKASHLNLNPEHQRYVEIVIVVDHGMFTKYNGDSDKIRQRVHQMVNIMKESYRYMYIDISLAGIEIWSNKDLINVQPAAPNTLKSFGEWRETDLPKRKSHDNAQLLTSIDFNGQTIGIANIGAICDPKPSTRVVQDHSKINLRVALTMTHELSHNLGIHHDTGSCSCSGYSCIMSPVISDEPSKYFSDCSYIQCWNFIMNQKPQCILKKPLRTDTVSTPVSGNELLEARIECDCGSIENPCCYATTCKLRPGSQCAEGMCCDQCRFMKKGTVCRVSLVNKNDDTCTGQSADCPRNVLYG,478,Snake Venom Metalloproteinase,Crotalus durissus collilineatus,"['Hemorrhagic', 'Tissue damage']",NCBI
C0HJU2.1,RecName: Full=Snake venom metalloproteinase BpMP-1; Short=SVMP; AltName: Full=Fibrinogenolytic metalloproteinase,YIELAVVADHGMFTKYNSNVNTIRTWVHEMVNSLNGFFRSMXVDDASLVNLEVWSKTLTSFGEWRDLLPRISHDHAQLLTTIVFDQQTIGIAYTAGMCDPSQSVAVVMDHVAVTMAHELGHNLGMDHDDTCTCGAKSCIMASTISKGLSFEFSDCSQNQYQTYVTKHNPQCILNK,175,Snake Venom Metalloproteinase,Bothrops pauloensis,"['Hemorrhagic', 'Tissue damage']",NCBI
A2TK72.1,RecName: Full=Zinc metalloproteinase recombinant fibrinogenase II; Short=FIIa; Short=rF II; AltName: Full=Snake venom metalloproteinase; Short=SVMP,KREAEANRTPEQQIYDPYKYVETVFVVDKAMVTKYNGDLDKIKTRMYEAANNMNEMYRYMFFRVVMVGLIIWTEEDKITVKPDVDYTLNAFAEWRKTYLLAEKKHDNAQLITGIDFRGSIIGYAYIGSMCHPKRSVGIIQDYSPINLVLAVIMAHEMGHNLGIHHDDGYCYCGGYPCIMGPSISPEPSKFFSNCSYIQCWDFIMNHNPECIDNEPLGTDIISPPLCGNELLEA,233,Snake Venom Metalloproteinase,Deinagkistrodon acutus,"['Hemorrhagic', 'Tissue damage']",NCBI
J3SDW8.1,RecName: Full=Zinc metalloproteinase-disintegrin-like 8; AltName: Full=Snake venom metalloproteinase; Short=SVMP; Flags: Precursor,MIQVLLVTICLAVFPYQGSSIILGSGNVNDYEVVYPRKVTALPKGAAQPKYEDTMQYEFKVNGEPVVLHLEKNKGLFSEDYSETHYSPDGREITTYPPVEDHCYYHGRIQNDADSTASISACNGLKGHFKLQGEMYLIEPLELSDSEAHAVFKYENVEKEDEAPKMCGVTQNWESYEPIKKASQLNLTPEQQRYLNTKKYIELVIVADNVMVKKYTSNSTAIRTRIYACVNTLNLIYRAFNIHIALVGIEIWSNGDLINVTSAANVTLDLFGNWRRRVLLRHKRHDNAQLLTAIDFDGPTVGLAYGASMCDPRFATGIVQDHSKLDIMVAVTMAHELGHNLGMNHDGNQCNCGGNPCIMSATLNFEPAYQFSDCSRDEHWRYLIDNRPPCILNKPSITDIVSPPVCGNYFVEVGEECDCGLPARCQNPCCNAATCKLRPGTQCEDGECCEQCQFKGAGTECRAASSECDIAESCTGQSADCPTDDFQRNGQPCLNNNGYCYNGTCPTLDDQCISFFGSSKTVAPDVCFNLNLQGQGDFYCRRENTRIFPCAPQDKKCGRLFCVLGPTGNTISCQSTYSQSDLDIGMVDLGTKCGDGRVCNSTRQCVDVNTAY,612,Snake Venom Metalloproteinase,Crotalus adamanteus,"['Hemorrhagic', 'Tissue damage']",NCBI
F8S108.1,RecName: Full=Zinc metalloproteinase-disintegrin-like 4a; AltName: Full=Snake venom metalloproteinase 7; Short=SVMP; Flags: Precursor,MIQVLLVTISLAVFPYQGSSVILESGNVNDYEVVYPRKVTALPKGAVQPKYEDTMQYEFKVNGEPVVLHLEKNKGLFSEDYSETHYSPDGREITTYPTVEDHCYYHGRIENDADSTASISACNGLKGHFKLQGEMYLIEPLKLPDSEAHAVFKYENVEKEDEAPKMCGVTQNWESYEPIKKASQSNLTPEQQRYLNAKKYVKLFLVADYIMYLKYGRNLTAVRTRMYDIVNVITPIYHRMNIHVALVGLEIWSNTDKIIVQSSADVTLNLFGNWRATDLLRRKSHDNAQLLTGINFNGPTAGLAYLGGICNTMYSAGIVQDHSKIHHLVAIAMAHEMGHNLGMDHDKDTCTCGTRPCVMAGALSCEASFLFSDCSQKDHREFLIKNMPQCILKKPLKTDVVSPAVCGNYFVEVGEECDCGSPRTCRDPCCDATTCKLRQGAQCAEGLCCDQCRFKGAGTECRAAKDECDMADVCTGRSAECTDSFQRNGQPCKNNNGYCYNGKCPIMADQCIALFGPSATVSQDACFQFNREGNHYGYCRKEQNTKIACEPQDVKCGRLYCFPNSPENKNPCNIYYSPNDEDKGMVLPGTKCADGKACSNGQCVDVTTPY,610,Snake Venom Metalloproteinase,Crotalus adamanteus,"['Hemorrhagic', 'Tissue damage']",NCBI
J3S830.1,RecName: Full=Zinc metalloproteinase-disintegrin-like 3a; AltName: Full=Snake venom metalloproteinase; Short=SVMP; Flags: Precursor,MIQVLLVTILAVFPYQGSSIILGSGNVNDYEVVYPRKVTALPKGAVQPKYEDAMQYELKVNGEPMVLHLEKNKQLFSKDYSETHYSPDGREITTYPLVEDHCYYHGRIENDADSTASISACNGLKGHFKLQGEIYLIEPLKLRDSEAHAVFKYENVEKEDEAPKMCGVTQNWESYEPIKKASQLVVTAEQQRYLNPYRYVELVIVADHGMFTKYNRNLTEVKTWVYEIVNTLNEIYRYLYIRVALVGLEIWSDGDLSNVTLSSGNTLDSFGEWRKRDLLRRKRHDNAQLLTAIDFSGNTIGRASIANMCDPKYSTGIVQDHSPINLLVAVTMAHEMGHNLGLHHDGKSCTCGDYICIMNATLSHQHSKYFSNCSYNQYWDYINTYTPKCILNEPLRTDIISPPVCGNELLEAGEECDCGSPRNCQYQCCDAATCKLHSWVECESGVCCEQCKFRTAGTECRARRSECDIAESCTGQSADCPTDDFHKNGQPCLNNFGYCYNGNCPIMYHQCYALFGSNVYEAEDSCFESNQKGDDYGYCRKENGEKIPCAPEDVKCGRLYCNDNSPGQNDPCKIFPSNEDEHKEMVLPGTKCADGKFCTNGHCVDVATAY,610,Snake Venom Metalloproteinase,Crotalus adamanteus,"['Hemorrhagic', 'Tissue damage']",NCBI
J3SDW6.1,RecName: Full=Zinc metalloproteinase-disintegrin-like 2d; AltName: Full=Snake venom metalloproteinase; Short=SVMP; Flags: Precursor,MIQVLLVTICLAVFPYQGSSIILGSGNVNDYEVVYPRKVTALPKGAAQPKYEDTMQYEFKVNGEPVVLHLEKNKGLFSEDYSETHYSPDGREITTYPPVEDHCYYHGRIQNDADSTASISACNGLKGHFKLQGEMYLIEPLELSDSEAHAVFKYENVEKEDEAPKMCGVTQNWESYEPIKKASQLNLTPEQQRYLNTKKYIELVIVADNVMVKKYTSNSTAIRTRIYACVNTLNLIYRAFNIHIALVGIEIWSNKDLINVISASNVTLDLFGNWRRRVLLRRKRHDNAQLLTAIDLDGPTIGLARVGSMCDPKCSTGIVQDHSKLDVMVAVTMAHELAHNLGINHDGNQCNCGGNPCIMSATLNFEPAYRFSDCSRDEHWRYLIDNRPPCILNKPLITDIVSPPVCGNYFVEVGEECDCGLPAHCQNPCCNAATCKLRPGTQCEDGECCEQCQFTSAGTECRAAKSECDIAESCTGQSADCPTDNFQRNGRPCLNNNGYCYNGKCPTLDHQCISFFGSSATVAPDVCFNLNLKGEGNFYCRRENTRIFPCAPQDKKCGRLFCVLGPTGNTISCQATSSQSNVDIGMVDLGTKCGDGRVCNSNRQCVDVNTAY,612,Snake Venom Metalloproteinase,Crotalus adamanteus,"['Hemorrhagic', 'Tissue damage']",NCBI
J3S829.1,RecName: Full=Zinc metalloproteinase-disintegrin-like 2a; AltName: Full=Snake venom metalloproteinase; Short=SVMP; Flags: Precursor,MIQVLLVTICLAVFPYQGSSIILGSGNVNDYEVVYPRKVTALPKGAAQPKYEDTMQYEFKVNGEPVVLHLEKNKGLFSEDYSETHYSPDGREITTYPPVEDHCYYHGRIQNDADSTASISACNGLKGHFKLQGEMYLIEPLELSDSEAHAVFKYENVEKEDEAPKMCGVTQNWESYEPIKKASQLNLTPEQQRYLNTKKYIELVIVADNVMVKKYTSNSTAIRTRIYACVNTLNLIYRAFNIHIALVGIEIWSNKDLINVISASNVTLDLFGNWRRRVLLRRKRHDNAQLLTAIDLDGPTIGLARVGSMCDPKCSTGIVQDHSKLDVMVAVTMAHELAHNLGINHDGNQCNCGGNPCIMSATLNFEPAYRFSDCSRDEHWRYLIDNRPPCILNKPLITDIVSPPVCGNYFVEVGEECDCGLPAHCQNPCCNAATCKLRPGTQCEDGECCEQCQFTSAGTECRAAKSECDIAESCTGQSADCPTDNFQRNGRPCLNNNGYCYNGKCPTLDHQCISFFGSSATVAPDVCFNLNLKGEGNFYCRRENTRIFPCAPQDKKCGRLFCVLGPTGNTISCQSTYSQSDLDIGMVDLGTKCGDGRVCNSTRQCVDVNTAY,612,Snake Venom Metalloproteinase,Crotalus adamanteus,"['Hemorrhagic', 'Tissue damage']",NCBI
U5PZ28.1,RecName: Full=Zinc metalloproteinase-disintegrin BlatH1; AltName: Full=Snake venom metalloproteinase; Short=SVMP; Flags: Precursor,MIQVLLVTICLAALPYQGSSIILESGNVNDYEVVYPRKVTALPKGAGQPKYEDAMQYEFKVNGEPVVLHLEKNKGLFSKDYSETHYSSDGRKITTNPPVEDHCYYHGRIENDADSTGSISACNGLKGHFKLQGEMYLIEPLKLSDSEAHAIYKYENVEKEDEAPKMCGVTETNWESYEPIKKASQSNLTPEQQRFNPFKYVELVIVADHRMFTKYNGDLEKIRIKIYEIVNILNEMFRYLYIRIALVDLEIWSNRDLINVTSVAGDTLDSFGNWRETDLLKRKSHDNAQLLTGIDFNGTTIGIAYIASMCNPYLSVGIVQDHSEINFLIAVTMAHEMGHNLGMRHDTDYCTCGGYSCIMCAVLSDQPSKFFSNCSYIQYGKFIMNQNSQCILNEPLGTDIVSPPVCGNEILEVGEECDCGCPTNCQDPCCNAATCKQYSWVQCESGECCEQCRFRAAGTVCRRATDNDMDNRCTGQSADCPSNG,484,Snake Venom Metalloproteinase,Bothriechis lateralis,"['Hemorrhagic', 'Tissue damage']",NCBI
J3SBP9.1,RecName: Full=Zinc metalloproteinase-disintegrin 8; AltName: Full=Snake venom metalloproteinase; Short=SVMP; Flags: Precursor,MIQVLLVTICLAVFPYQGSSIILESGNVNDYEVVYPRKVTALPKGAAQPKYEDAMQYEFKVNGEPVVLHLEKNKELFSEDYSETHYSPDGREITTYPLVEDHCYYHGRIENDADSTASISACNGLKGHFKLQGETYLIEPLKLSDSEAHAVYKYENVEKEDEASKMCGVTETNWESYEPIKKASQLNLPPEQQRFPQTYIELVVVADHRMYTKYDGDKTEISSIIYEIVNTLTQIFRPLHIRVALIGLEIWSSGELSKVTLSADDTLEAFGEWRETVLMNRKRHDNAQLLTGMIFNETIEGRTYKSGMCNPKHSVGIVRDYRTRRHFVANRMAHELGHNLGIDHDRDSCTCGANSCIMSATVSNEPSSQFSDCSLNKYLNYIVRYQSTTRCLHNEPSETDIVSPPFCGNYFKEVGEDCDCGPPANCQNPCCDAATCKLTTGSQCAEGLCCDQCKFTKKGTACRPARGDWNDDTCTGQSADCPRNGLYG,488,Snake Venom Metalloproteinase,Crotalus adamanteus,"['Hemorrhagic', 'Tissue damage']",NCBI
F8RKV9.1,RecName: Full=Zinc metalloproteinase-disintegrin-like MTP9; AltName: Full=Snake venom metalloproteinase; Short=SVMP; Flags: Precursor,MIEVLLVTICFTVFPYQGSSIILESGNVNDYEVVYPQKVPALPKGGVQNPQPETKYEDTMQYEFHVNGEPVVLHLERNKGLFSEDYTETHYAPDGREITTSPPVQDHCYYHGYIQNEADSSAAISACDGLKGHFKHRGETYFIEPLKLSNSESHAIYKDEHVEKEDEIPKICGVTQTTSESDEPIEKISQLTNTPEQDRYLQVKKYIELYVVVDNRMYRNYNSNRDAINERVYEMVNTLNVMYRPLNFFIALIGLEIWSNQDEINIEPEVAVTLRSFGEWRNTTLLPRKRNDNAQLLTGIDFNGATVGLAYVGTLCRPTQSVAVIQDHSKRTSMVASTMAHELGHNLGINHDSASCNCNAGPCIMSATISNQPLSEFSSCSVQEHQRYLLRVRPQCILNKPLSTDIVTPPVCGNYFVERGEECDCGSPQDCQDACCNAATCKLQHDCDSGECCEQCKFKKAGAECRAAKDDCDLPESCTGQSAECPTDSFQRNGHPCQNNQGYCYNGKCPIMTNQCIALKGPGVNVSPDECFTLKQNDPECGFCRIENGTKIPCAEKDKMCGKLLCQEGNATCICFPTTDDPDYGMVEPGTKCGDGKVCINRQCVDVQTAY,611,Snake Venom Metalloproteinase,Drysdalia coronoides,"['Hemorrhagic', 'Tissue damage']",NCBI
F8RKW0.1,RecName: Full=Zinc metalloproteinase-disintegrin-like MTP8; AltName: Full=Snake venom metalloproteinase; Short=SVMP; Flags: Precursor,MIEVLLVTICFTVFPYQGSPIILESGNVNDYEVVYPQKVPALPKGGVQNPQPETKYEDTMQYEFHVNGEPVVLHLERNKGLFSEDYTETHYAPDGREITTSPPVQDHCYYHGYIQNEADSSAAISACDGLKGHFKHRGETYFIEPLKLSNSESHAIYKDEHVEKEDEIPKICGVTQTTSESDETIEKISQLTNTPEQDRYLQVKKYIELYVVVDNRMYRNYNSNRDAINERVYEMVNTLNVMYRPLNFFIALIGLEIWSNQDEINIEPEVAVTLRSFGEWRNTTLLPRKRNDNAQLLTGIDFNGATVGLAYVGTLCRPTQSVAVIQDHSKRTSMVASTMAHELGHNLGINHDSASCNCNAGPCIMSATISNQPLSEFSSCSVQEHQRYLLRVRPQCILNKPLRKDIVTPPVCGNYFVERGEECDCGSPQDCQSACCNATTCKLQHEAQCDSGECCEQCKFKKAGAECRAAKDDCDLPESCTGQSAKCPTDSFQRNGHPCQNNQGYCYNGKCLIMTNQCIALKGPGVNVSPDECFTLKQNDPECGFCRIENGTKIPCAEKDKMCGKLLCQEGNATCICFPTTDDPDYGMVEPGTKCGDGKVCINRQCVDVQTAY,613,Snake Venom Metalloproteinase,Drysdalia coronoides,"['Hemorrhagic', 'Tissue damage']",NCBI
F8RKW1.1,RecName: Full=Zinc metalloproteinase-disintegrin-like MTP4; AltName: Full=Snake venom metalloproteinase; Short=SVMP; Flags: Precursor,MIEVLLVTICFTVFPYQGSSIILESGNVNDYEVVYPQKVPALPKGGVQNPQPETKYEDTMQYEFHVNGEPVVLHLERNKGLFSEDYTETHYAPDGREITTSPPVQDHCYYHGYIQNEADSSAAISACDGLKGHFKHRGETYFIEPLKLSNSESHAIYKDEHVEKEDEIPKICGVTQTTSESDEPIEKISQLTNTPEQDRYLQVKKYIELYVVVDNRMYRNYNSNRDAINERVYEMVNTLNVMYRPLNFFIALIGLEIWSNQDEINIEPEVAVTLRSFGEWRNTTLLPRKRNDNAQLLTGIDFNGATVGLAYVGTLCSPTQSVAVIQDHSKRTSMVASTMAHELGHNLGINHDSASCNCNAGPCIMSATISNQPFSKFSSCSVQEHQRYLLRVRPQCILNKPLSTDIVTPPVCGNYFVERGEECDCGSPQDCQSACCNATTCKPQHEAQCDSGECCEKCKFKKAGAECRAAKDDCDLPESCTGQSAKCPTDSFQRNGHPCQNNEGYCYNGKCPIMTNQCIALGGPGVNVSPDECFTLKQNVPECGFCRIENGRKIPCAEKDKMCGKLLCEKGNATCICFPTTHDPDYGMVEPGTKCGDGKVCINRQCVDVQTAY,613,Snake Venom Metalloproteinase,Drysdalia coronoides,"['Hemorrhagic', 'Tissue damage']",NCBI
P0DM90.1,RecName: Full=Zinc metalloproteinase-disintegrin-like brevilysin H2b; AltName: Full=Snake venom metalloproteinase; Short=SVMP,QQRYLNAKRYVKLAIVADRSMVTKHNGKLKKLRKWIYRIVNTINEVYRSLNILVALVYLEIWSKEDLINVTSAAKDTLASFGNWRATDLLKRRSHDAAHLLTNIKFDGTTVGKAYVASMCQQDSSVGINQDHSKINLLVALTMAHELGHNLGMSHDVVNTEKQCNCGTCVMAPTISDQISKLFSNCSKNDYENFLTLYKPQCILNEPSKTDIVSPPVCGNELLEVGEECDCGSPETCQNPCCDAATCKLTSGSQCAKGLCCDQCKFSKSGTECRAAKDDCDIAESCTGQSADCPTDDLQRNGQPCGNNAQYCRKGKCPIMTNQCISFYGPNAAVAPDACFDYNLKGEGNFYCRKEQATIFPCAQKDKKCGRLFCVLGPTGKRISCEHTYSQDDPDIGMVLPGTKCADGKVCNSNRECVDVNTAY,424,Snake Venom Metalloproteinase,Gloydius brevicauda,"['Hemorrhagic', 'Tissue damage']",NCBI
P0DM89.1,RecName: Full=Zinc metalloproteinase-disintegrin-like brevilysin H2a; AltName: Full=Snake venom metalloproteinase; Short=SVMP,QQRYLNAKRYVKLAIVADRSMVTKHNGKLKKLRKWIYRIVNTINEVYRSLNILVALVYLEIWSKEDLINVTSAAKDTLASFGNWRATDLLKRRSHDAAHLLTNIKFDGTTVGKAYVASMCQQDSSVGINQDHSKINLLVALTMAHELGHNLGMSHDVVNTEKQCNCGTCVMAPTISDQISKLFSNCSKNDYENFLTLYKPQCILNEPSKTDIVSPPVCGNELLEVGEECDCGSPETCQNPCCDAATCKLTSGSQCAKGLCCDQCKFSKSGTECRAAKDDCDIAESCTGQSADCPTDDLQRNGKPCQNNAGYCYNGKCPIMLNQCISFYGSNATVAPDICFNYNLKGEGNFYCRKEQATIFPCAQKDKKCGRLFCVLGPTGKRISCKNTYSEDDPNYGMVDLGTKCEDGKVCNSNRECVDVNTAY,424,Snake Venom Metalloproteinase,Gloydius brevicauda,"['Hemorrhagic', 'Tissue damage']",NCBI
P0DM87.1,RecName: Full=Zinc metalloproteinase-disintegrin stejnitin; AltName: Full=Snake venom metalloproteinase; Short=SVMP; Flags: Precursor,MIQVLLVTICLAVFPYQGNSIILESGNVNDYEVVYPRKVTALPKGAVQPKYEDAMQYEFKVNGEPVVLHLEKNKGLFSEDYSETHYSPDGREITTYPSVEDHCYYHGRIQNDADLTASISACNGLKGYFKLQGETYLIEPLKLPDSEAHAVFKYENVEKEDEAPKMCGVTETNWESDEPIKKASQLNLTPDEQRFIELVIVADHRMYTKYDGDETEISSKIYEIANDLNVIFRALYIHVALIGLEIWPSGELCNVTLSADDTLDSFAEWTKRDLQKRKRHDNAQLLTGMIFNEKIEGRAYKKTMCHWKRSVGIVRDHRTRPHFVANRMAHGLGHNLGINHDGDSCTCGANSCIMSATVSNDPSSRFSDCSLNQYSSDIIHNPYTSRCLYNGPWKTDIVSPPVCGNYYVEVGEDCDCGPPANCQNRCCDAATCRLTPGSQCAEGLCCEQCRFSTEGKLCREAKGDWNNDYCSGQSGDCPRNPFRA,484,Snake Venom Metalloproteinase,Trimeresurus stejnegeri,"['Hemorrhagic', 'Tissue damage']",NCBI
J9Z332.1,RecName: Full=Zinc metalloproteinase-disintegrin VMP-II; Short=CamVMP-II; AltName: Full=Disintegrin r-Cam-dis; AltName: Full=Snake venom metalloproteinase; Short=SVMP; Flags: Precursor,MIQVLLVTICLAVFPYQGSSIILESGNVNDYEVVYPRKVTALPKGAVQLKYEDAMQYEFKVNGEPVVLHLEKNKGLFSEDYSETHYSPDGREITTYPPVEDHCYYHGRIQNDADSTASISACNGLKGHFKLQGEMYLIEPLKLSDSEAHAVYKYENVEKEDEASKMCGVTETNWESYEPIKKASQSNIPPEEEAFYQRYIELVVVADHRMYTKYDGDKTEISSIIYEIVNTLTQIFRPLHIRVALIGLEIWSSGELSKVTLSADDTLEAFGEWRKTVLMNRKRHDNAQLLTGMIFNETIEGRTYKSGMCNPKHSVGIVRDYRTRRHFVANRMAHELGHNLGIDHDRDSCTCGANSCIMSATVSNEPSSQFSDCSLNKYLNYIVRYQSTTRCLHNEPSETDIVSPPFCGNYFKEVGEDCDCGPPANCQNPCCDAATCKLTTGSQCAEGLCCDQCKFTKKGTACRPARGDWNDDTCTGQSADCPRNGLYG,488,Snake Venom Metalloproteinase,Crotalus adamanteus,"['Hemorrhagic', 'Tissue damage']",NCBI
P0DM97.1,RecName: Full=Zinc metalloproteinase-disintegrin BA-5A; AltName: Full=Snake venom metalloproteinase; Short=SVMP; Flags: Precursor,MMQVLLVTICLAVFPYQGSSIILESGNVNDYEVVYPQKVTALPKGAVQQAEQKYEDAMQYEFEVNGQPVVLHLEKNKDLFSEDYSETHYSPDGKEITTNPPIEDHCYYHGRIQNDAHSTASISACNGLKGHFKLRGETYLIEPLKIPDSEAHAVYKYENIEKEDDAPKMCGVTQTNWESDEPIKEASQLVATSDQQRYYDHFRYIKYFIVVDHRMVEKYNGNLRTIRRRIYQLVNILNEIYLPWNIRAPLVGIEFWNQRDLINVTSSAPYTLDLFGKWRASDLLNRKIHDYTHLLTAIVFVEQILGMAHIATMCHSELSVGLVQDYMPSEHVVAAIMVHEMGHNLGISHDEKYCNCGADSCIMYPQISIPPPVYFSNCSWEQYQNFLTIYKPDCTLIRPSRTDIVSPPVCGNDILEQGEECDCGSPEKCQDPCCDAASCKLHSWIECEFGECCDQCRFKPAGTECRGIRSECDLPEYCTGQSVDCPIDHFHRNGKPCLNNNGAEKGEFQHTGGRY,515,Snake Venom Metalloproteinase,Bitis arietans,"['Hemorrhagic', 'Tissue damage']",NCBI
P0C6R9.2,RecName: Full=Zinc metalloproteinase-disintegrin-like alternagin; AltName: Full=Snake venom metalloproteinase; Short=SVMP; Contains: RecName: Full=Disintegrin-like alternagin-C; Short=Alt-C,IISPPVCGNELLEVGEECDCGTPENCQNXCCDAATCKLKSGSQCGHXDCCEQCKFTKSGTECRASMSECDPAEHCTGQSXXCXXDVFHKNGQPCLDNYGYCYNGNCPIMYHAQCYALFGADVYEAEDSCFKDNQKGNYYGYCRKENXXXXXCXXXDVKCGRLYCKDNSPKQNNPCKMFYSNDDEHKGNVLPGTKCE,196,Snake Venom Metalloproteinase,Bothrops alternatus,"['Hemorrhagic', 'Tissue damage']",NCBI
Q698K8.3,RecName: Full=Zinc metalloproteinase/disintegrin; Contains: RecName: Full=Snake venom metalloproteinase brevilysin L4; Short=SVMP; AltName: Full=Snake venom metalloproteinase hxl-1; Contains: RecName: Full=Disintegrin brevicaudin-1a; Contains: RecName: Full=Disintegrin brevicaudin-1b; AltName: Full=Disintegrin adinbitor; AltName: Full=Disintegrin halystatin; Flags: Precursor,EDEAPKMCGVTQNWESYEPIKKASQSNLTPAHQRYIELVIVADHGMFTKYNGDSDKIREWVRQMVNTVDEIYSYMYIDVALAGLEIWSNEDLINVQPAAPHTLDSFGKWRERDLLHRIHHDNAMLLTAIDFDGPTIGLAYVGTMCKPKGSTGVVQDHSTINLRVAVTMAHEIGHNLGIHHDTGSCSCGGYSCIMSPVISHEPSKYFSDCSYTQCWDFIMNQKPQCILNKPLRTDTVSTPVSGNELLEAGEECDCGSPGNPCCDAATCKLRQGAQCAEGLCCDQCRFMKKGTVCRIARGDDMDDYCNGISAGCPRNPFHA,319,Snake Venom Metalloproteinase,Gloydius brevicauda,"['Hemorrhagic', 'Tissue damage']",NCBI
P0DL29.1,RecName: Full=Snake venom metalloproteinase BpirMP; Short=SVMP; AltName: Full=Alpha-fibrinogenase; AltName: Full=Fibrinolytic metalloproteinase; AltName: Full=Zinc metalloproteinase,TYIEVAVVADHRMFKKYNSNLNTIRKWVHEMVNSMNGVYRSMDVHLSLANLEVWSKKDLINVQKDSRETLKSFGEWRERDLLPRISHDNAQLLTAIVFDQQTIGRAYIGGMCDPRHSVGVVMDHSKINLQVAVTMAHELGHNLGMEHDENQCHCDAPSCVMXXXXXXXXXXXXXXCXXXXXXXXXTKHNPQCILNEPL,198,Snake Venom Metalloproteinase,Bothrops pirajai,"['Hemorrhagic', 'Tissue damage']",NCBI
A3R0T9.1,RecName: Full=Zinc metalloproteinase-disintegrin-like ohanin; AltName: Full=Snake venom metalloproteinase; Short=SVMP; Flags: Precursor,MIQVLLVTICLVVFPYQGSSIILESGKVNDYEVVYPQKIPVLPKSKIQRREQKMYEDTMKYEFKVNGEPVVLHLERNKELFSKDYTETHYSPDGREITTSPPVEDHCYYHGYIQSDIDSTAILNACNGLKGYFRHHGEAYHIEPLKFSDSEAHAVYKYENIEKEDETPKICGVKHSTWESDEPIEKISQKKDFLEEKKYLELYIVADYVMFRKYGRNVTTIRMRVFDMVNYITVVYKALNIHVALIGFEIWSLKDKFVINASTKNNLLHFSIWRSTVLRKRNDNAQLLTGVDLNGYTLGSAYLKAMCDVLQSVGIVQDYSKSPYLVGAAMAHEIGHNLGMEHDTKTCSCMRGNCIMSPEEEGSDFPMEFSSCSLYDFQNYMLTDTPQCLINKPSNTSIIKNAVCGNYVEEEGEECDCGSPEQCENNCCEAATCKLKPGAKCAKGACCKKCQFKKAGAECRAARNECDLPEFCIGQSAECPMDRFHKNGHSCQNDQGYCFRGYCPTLAKQCITLWGSDAKVAPDECFQNNTNGNEYDYCKKTNNVIIPCKPTDVKCGRLYCTGGTENPSEGEKISSDPCKASYSEIEDIGMVDHRTKCGEKMVCSDGKCIPL,611,Snake Venom Metalloproteinase,Ophiophagus hannah,"['Hemorrhagic', 'Tissue damage']",NCBI
A8QL59.1,RecName: Full=Zinc metalloproteinase-disintegrin-like NaMP; AltName: Full=Snake venom metalloproteinase; Short=SVMP; Flags: Precursor,MIQPLLVAICLVVFPYQGSSTILESGKVRDYEVVYPQKIPSLPKGRLQRREEKTKYENTMKYEFKVNGEPVVLNLEKNKRLFSKDYTETHYSPDGREITTSPPVQDHCYYHGHIQNDADSTAVIRACDGLNGYFKSNGEMYIIEPLKLSDSEAHAVFKYESLEKEDETPKTCGAIHNSGESDETIKKISNTFVTPEKGEEYLEAEKHIELYMVADNLVYRKYSSNITVVRMRIFEILNYVNLYYKILNIHVVLIGLEVWSDEDKILINGSSELTVRSFAAWRHSDLLKHKRNDNAQLLTGIHFDKRVLGIAFIGGMCNNFTSVGAIQDNSIHAVLIAATMTHELGHNLGMNHDTDSCTCNTGPCIMKAALNFKPPYEFSSCSYWDFQNYIMTKSAQCILNDPLTTDIVPTAICGNGFVEEGEECDCGPPEICKNECCEAATCKLKPEAQCASGACCEECQFRRAGELCRAAKDDCDLDELCTGQSAECPMNHFHMNGHPCQNNQGYCFRGTCPTLTKQCIALWGPDAEVAPDGCFMNNQKGNYYGYCKKKNGTNIPCEPENVKCGRLYCIDDSTEENSCKFHFSNENANSGMVQPGTKCGEGMVCGFGECIGLETALGINQ,621,Snake Venom Metalloproteinase,Naja atra,"['Hemorrhagic', 'Tissue damage']",NCBI
A8QL49.1,RecName: Full=Zinc metalloproteinase-disintegrin-like BmMP; AltName: Full=Snake venom metalloproteinase; Short=SVMP; Flags: Precursor,MIQALLVTICLAVFPYQGSSIILESGNVNDYEVVYPQKVPLLPKGGVQNPQPKTKYEDTVQYEFEVNGEPVVLHLERNKGLFSEDYTEAHYAPDGREITTRPPVQDHCYYHGYIQNEADSSAAISACDGLKGHFKHQGETYFIEPLKLSDSEAHAIYKDENVEEENETPKICGLTETTWESDEPIRNASLLIYTPEQNRYLKVKKYIEFYVAVDNRMYRHYKRNKPIIKRRVYELVNILNTILRRLNFHIALIGLEIWSKRDKINVQSDVKATLKSFGKWREKKLLPRKRNDNAQLLTRIDFNGNTVGLAALGSLCSVKYSVAVIQDYSKRTSMVASTMAHEMGHNLGINHDRASCTSCGSNKCIMATKRTKPASRFSSCSVREHQRYLLRDRPQCILNKPLITDIVAPAICGNYFVEVGEECDCGSPRDCRSACCNAATCKLKHEAQCDSGECCGKCKFKKVGAKCRAAKDDCDLPERCTGRSAECPTDIFRRNGLPCQNKQGYCYNGKCPTLTNQCIALMGPNVKVSRDSCFTLNQRGKGCGYCRMQNGAKIPCAAKDIKCGKLFCKKRNSGVCNCLILPDDPNYGMVETGTKCGDGMVCSDRKCVKLQTVY,614,Snake Venom Metalloproteinase,Bungarus multicinctus,"['Hemorrhagic', 'Tissue damage']",NCBI
A0A1I9KNP0.1,RecName: Full=Vaa serine proteinase homolog 1; Short=VaaSPH-1; AltName: Full=Enzymatically inactive serine proteinase-like protein SPH-1; AltName: Full=Snake venom serine protease homolog; Flags: Precursor,MVLIRVLANLLVLQLSYAQKSSELVIGGDECNINEHPFLVALHTARSKRFYCAGTLINQEWVLTAARCDRKNIRIILGVHSKNVPNEDEQMRVPKEKFFCLSSKTYTRWDKDIMLIRLKRPVNDSTHIAPLSLPSSPPSVGSVCRIMGWGTITTTKVTYPDVPHCADINMFDYSVCQKVYRKLPEKSRTLCAGILQGGIDSCKVDNGGPLICNGQIQGIVSWGGYPCAQPHKPALYTNVFDYTDWIQSIIAGNITATCPP,260,Snake Venom Serine Protease,Vipera ammodytes ammodytes,"['Anticoagulant', 'Procoagulant']",NCBI
P0DJG3.1,RecName: Full=Thrombin-like enzyme TLBan; Short=SVTLE TLBan; AltName: Full=Fibrinogen-clotting enzyme; AltName: Full=Snake venom serine protease; Short=SVSP,VIGGDECNINEHPFLVALYYSTFFCGMTLINQEWVLTAAHESEKFPKEKYFIFCPNNKDIMLIRLDKPVSNSEHIAPLSLPSSPPSVGSVCRKPALYTKVFDYLLWIQSIIAGNTATCP,119,Snake Venom Serine Protease,Bothrocophias andianus,"['Anticoagulant', 'Procoagulant']",NCBI
P0DJF6.1,RecName: Full=Thrombin-like enzyme chitribrisin; Short=SVTLE chitribrisin; AltName: Full=Fibrinogen-clotting enzyme; AltName: Full=Snake venom serine protease; Short=SVSP; Flags: Precursor,MMLIRVLANLLILQLSYAQKSSELVIGGDECNINEHRSLVVLFNSSGALCGGTLINQEYVLTAAHCDMPNMQILLGVHSASVLNDDEQARDPEEKYFCLSSNNDTKWDKDIMLIRLNRPVNNSVHIAPLTLPSSPPRLGAICRIMGWGAITSPNETYPDASQCANINILRYSLCQAVYRGMPAQSRIVCAGILRGGKGSCKGDSGGPLICNAQLQGIVSAGGDPCAQPRVPVLYIRVFDYTDWIQSIIEGNRTVTCPP,258,Snake Venom Serine Protease,Trimeresurus albolabris,"['Anticoagulant', 'Procoagulant']",NCBI
Q5MCS0.1,RecName: Full=Serine protease harobin; AltName: Full=Fibrin(ogen)olytic enzyme; AltName: Full=Snake venom serine protease; Short=SVSP; Flags: Precursor,MPLIRVLASLLILQLSYGKSLDNGAKAITSLDRIIGGFECNPSEHRSLVYLYNSAGFFCSGTLLNHEWVLTAAHCNREDIQIRLGVHNVHVHYEDEQIRVPKEKLCCLSTNNCTQFSQDIMLIRLNSPVNYSEHIAPLSLPSNPPSMGSVCCVMGWGTITSPEVTYPEVPHCVDINILHIPVCQAAYPTMSGKNILCAGILEGGKDSCKGDSGGPLICNGQIQGIVSWGRFPCAQFLEPGIYTKVFDYKDWIEGIIAGNSNVICP,265,Snake Venom Serine Protease,Hydrophis hardwickii,"['Anticoagulant', 'Procoagulant']",NCBI
Q9PT51.1,RecName: Full=Beta-fibrinogenase brevinase; AltName: Full=Snake venom serine protease; Short=SVSP; Contains: RecName: Full=Beta-fibrinogenase brevinase chain A; Contains: RecName: Full=Beta-fibrinogenase brevinase chain B,VIGGDECNINEHRFLALLYSERFQCGGTLINEEWVLTAAHCDMGNMYIYLGVHNVSVQYDDEQRRYPKKKYFCLSSRNYNQWDNDIMLIRLNRPVRNSAHIAPLSLPSGPPSVGSVCRVMGWGTITSPNETYPDVPHCANINILDYEVCRAAYAGLPATSRTLCAGILEGGKDSCRGDSGGPLICNGEIQGIVSWGGNICAQPREPGLYTKVFDYIDWIQSIIAGNTTVNCPP,233,Snake Venom Serine Protease,Gloydius blomhoffii,"['Anticoagulant', 'Procoagulant']",NCBI
NP_001310176.1,snake venom serine protease serpentokallikrein-2 precursor [Protobothrops mucrosquamatus],MVLIRVLANLLILQLSYAQKSSELVIGGDECNINEHPFLVLVYYDDYQCGGTLINEEWVLTAAHCNGENMEIYLGMHSKKVPNKDRRRRVPKEKFFCDSSKNYTKWNKDIMLIRLNRPVRKSAHIAPLSLPSSPPSVGSVCRIMGWGTISPTKVTLPDVPRCANINLLDYEVCRAVYPELPATSRTLCAGILEGGKDSCGGDSGGPLICNGQFQGIVSWGGDPCAQPHEPGLYTNVFDHLDWIKGIIAGNTDVTCPL,257,Snake Venom Serine Protease,Protobothrops mucrosquamatus,"['Anticoagulant', 'Procoagulant']",NCBI
D8MIA3.1,RecName: Full=Snake venom serine protease rhinocerase 5; Short=BG-RHIN5; Short=SVSP; Flags: Precursor,VLIRVLANLLLLQLSYAQESSELVIGGDECDINEHPFLVALHTARSKRFHCAGTLLNKEWVLTAAHCDMENMQIYLGLHNISRPNQDQKRRVPKQKFFCLSNKTYTRWDKDIMLIKLNSPVPYSTHIAPLSLPSSPPIVGSVCRIMGWGATKSPNENVPHVPHCANINILHYSVCRATYGRLPAKSRTLCAGIPRRRIGSCLGDSGGPLICNGQVEGIVSWASKPCVHNGAPGMYTKVYDYTDWIRSIIGGNTSATCPL,259,Snake Venom Serine Protease,Bitis rhinoceros,"['Anticoagulant', 'Procoagulant']",NCBI
D8MIA2.1,RecName: Full=Snake venom serine protease rhinocerase 4; Short=BG-RHIN4; Short=SVSP; Flags: Precursor,VLIRVLANLLVLQLSYAQKSSELVIGGAECNINEHRSLALVYNSSGLLCCGILINQEWVLSAAHCDMENMQIYLGLHNISRPNQDQKRRVPKQKFFCLSNKTYTRWDKDIMLIKLNSPVPYSTHIAPLSLPSSPPIVGSVCRIMGWGATKSPNENVPHVPHCANINILHYSVCRATYGRLPAKSRTLCAGIPRRRIGSCLGDSGGPLICNGQVEGIVSWASKPCVHNGAPGMYTKVYDYTDWIRSIIGGNTSATCPL,257,Snake Venom Serine Protease,Bitis rhinoceros,"['Anticoagulant', 'Procoagulant']",NCBI
D8MIA1.1,RecName: Full=Snake venom serine protease homolog rhinocerase 3; Short=BG-RHIN3; AltName: Full=Venom serine proteinase-like protein 3; Flags: Precursor,VLIRVLANLLLLQLSYAQESSELVIGGDECDINEHPFLVALHTARSKRFHCAGTLLNKEWVLTAARCDMENMQIYLGLHNISRPNQDQKRRVPKEKHFCVSSKTYTRWDKDIMLIRLKRPVNDGTHIAPLSLPSNPPSVGSVCRIMGWGSITTTKVTYPDVPHCANIKLFDYSVCRDAYKGLPEKSRTLCAGILEGGIDSCKVDNGGPLICNGQFQGIGSWEGHPCAQPLKPALYTNVFEYTDWIEGIIARNTTVTCPP,259,Snake Venom Serine Protease,Bitis rhinoceros,"['Anticoagulant', 'Procoagulant']",NCBI
D8MIA0.1,RecName: Full=Snake venom serine protease homolog rhinocerase 2; Short=BG-RHIN2; AltName: Full=Venom serine proteinase-like protein 2; Flags: Precursor,VLIRVLANLLLLQLSYAQESSELVIGGDECDINEHPFLVALHTARSKRFHCAGTLLNKEWVLTAARCDRKNIRIKFGVHNKNVQNEDEEMRVPKEKHFCVSSKTYTRWDKDIMLIRLKRPVNDGTHIAPLSLPSNPPSVGSVCRIMGWGSITTTKVTYPDVPHCANIKLFDYSVCRDAYKGLPEKSRTLCAGILEGGIDSCKVDNGGPLICNGQFQGIGSWEGHPCAQPLKPALYTNVFEYTDWIEGIIARNTTVTCPP,259,Snake Venom Serine Protease,Bitis rhinoceros,"['Anticoagulant', 'Procoagulant']",NCBI
C0HLA3.1,RecName: Full=Snake venom serine protease LmrSP-4; Short=SVSP,VFGGDECNINEHRSLVVLFDSDGFLCAGTLINKEWVLTAAHCDSENFQMQLGV,53,Snake Venom Serine Protease,Lachesis muta rhombeata,"['Anticoagulant', 'Procoagulant']",NCBI
C0HK19.1,RecName: Full=Thrombin-like enzyme collinein-3; Short=SVTLE collinein-3; AltName: Full=Fibrinogen-clotting enzyme; AltName: Full=Snake venom serine protease; Short=SVSP,WDKDIMLIRLNKPVSYSEHIAPLSLPSSPPIVGSVCRPHCANINLLDYEVCRTAHPQFRLPATSRILCAGVLEGGIDTCHR,81,Snake Venom Serine Protease,Crotalus durissus collilineatus,"['Anticoagulant', 'Procoagulant']",NCBI
B5U6Y3.1,RecName: Full=Serine protease sp-Eoc49; AltName: Full=Snake venom serine protease; Short=SVSP; Flags: Precursor,MVLIRVLANLLVLQLSYAQMSSELVVGGGECNRNRHRSLALLYNSSGTLCGGTLIHEEWVLSAAHCDMENMKIYLGLHNLSLPNKDQQKREPRETHFCLPSRNYTLWDKDIMLIKLNRPVNNSPHIAPISLPSNPPRLRSVCHIMGWGAITSPNETYPDVPHCANINILRYSVCRAAFGRLPAQSRTLCAGILRGGIDTCLGDSGGPLICNGQIQGIVSWGAEVCAKPHAPGLYTKVSDYTDWIQSIIAGNTTATCPP,258,Snake Venom Serine Protease,Echis ocellatus,"['Anticoagulant', 'Procoagulant']",NCBI
P18965.2,RecName: Full=Factor V activator RVV-V gamma; AltName: Full=Russel's viper venom FV activator gamma; Short=RVV-V gamma; AltName: Full=Snake venom serine protease; Short=SVSP; Flags: Precursor,MVLIKVLANLLVLQLSYAQKSSELVVGGDECNINEHPFLVALYTSASSTIHCAGALINREWVLTAAHCDRRNIRIKLGMHSKNIRNEDEQIRVPRGKYFCLNTKFPNGLDKDIMLIRLRRPVTYSTHIAPVSLPSRSRGVGSRCRIMGWGKISTTEDTYPDVPHCTNIFIVKHKWCEPLYPWVPADSRTLCAGILKGGRDTCHGDSGGPLICNGEMHGIVAGGSEPCGQHLKPAVYTKVFDYNNWIQSIIAGNRTVTCPP,260,Snake Venom Serine Protease,Daboia siamensis,"['Anticoagulant', 'Procoagulant']",NCBI
E5L0E5.1,RecName: Full=Venom plasminogen activator; Short=APL-PA; AltName: Full=Snake venom serine protease; Short=SVSP; Flags: Precursor,MVLIRVLANLLILQLSYAQKSSELVVGGDECNINEHRSLVVFFNSSGFLCGGTSINQEWVLTAAHCDSKNFQMLFGVHSKKILNEDEQTRDPKEKFICPNRKKDDERDKDIMLIRLDSPVSNSEHIAPLSLPSSPPSVGSVCRIMGWGTISPTKVTYPDVPHCANINILDHAVCRAAYPTLLAESSTVCAGTQQEGKDTCGGDSGGPLICNGQIQGIVSWRAHPCGQGLKPGVYTKVFDYTDWIQSIISGNTDVTCPP,258,Snake Venom Serine Protease,Agkistrodon piscivorus leucostoma,"['Anticoagulant', 'Procoagulant']",NCBI
E5L0E6.1,RecName: Full=Protein C activator; Short=APL-C; AltName: Full=Snake venom serine protease; Short=SVSP; Flags: Precursor,MVLIRVLANLLILHLSYAQKSSELVIGGDECNINEHRFLALVYANGSLCGGTLINQEWVLTARHCDRGNMRIYLGMHNLKVLNKDALRRFPKEKYFCLNIRNDTIWDKDIMLIRLNRPVRNSAHIAPLSLPSNPPSVGSVCRVMGWGTITSPNATLPDVPHCANINILDYAVCQAAYRGLAATTLCSGILEGGKDTCKGDSGGPLICNGQFQGILSVGGNPCAQPRKPGVYTKVFDYTDWIQSIISGNTDAACPP,255,Snake Venom Serine Protease,Agkistrodon piscivorus leucostoma,"['Anticoagulant', 'Procoagulant']",NCBI
E5L0E4.1,RecName: Full=Beta-fibrinogenase-like; Short=RVBF; AltName: Full=Snake venom serine protease; Short=SVSP; Flags: Precursor,MVLIKVLANLLVLQLSYAQKSSELVVGGDECNINEHRSLVFLYNNSFGCSGTLINQQWVLSAVHCDMENVRIYLGVHNLTLRNNAEIRLPEERFFCLSNKNYTKWDKDIMLIKLDRPVKTSTYIAPLSLPSSPPRVGSVCRIMGWGAITSPNETFPGVTHCANINILPYSVCRAAYKGLPAQSRTLCGGILEGGIGSCMGDSGGPLICNGEMHGIVAWGDDTCAQPHKPVHYTKVYDYTDWIQSIIAGNTAATCPP,256,Snake Venom Serine Protease,Daboia siamensis,"['Anticoagulant', 'Procoagulant']",NCBI
E5L0E3.1,RecName: Full=Alpha-fibrinogenase-like; Short=RVAF; AltName: Full=Snake venom serine protease; Short=SVSP; Flags: Precursor,MVLIRVLANLLVLQLSYAQKSSELVVGGHPCNIYEHHFLAFMYNSSGFMCSGTLINQQWVLSAAHCDMENMHIYLGLHSFKLPNKDQKKRVAKEKFFCLSSKSYTKWDKDIMLIKLNKPVTYSTHIASLSLPSNPPRVGSVCRIMGWGSITSPKKILPFVPHCANINIVPYTVCRVIYRPLPEQSRTLCAGVSGRRIGSCLGDSGGPLICNGQIQGIVSWGSDPCVNRGAPSIYTKVFDYTDWIHSIIAGNTAATCPS,258,Snake Venom Serine Protease,Daboia siamensis,"['Anticoagulant', 'Procoagulant']",NCBI
P0DL27.1,RecName: Full=Thrombin-like enzyme BpirSP41; Short=SVTLE; AltName: Full=Fibrinogen-clotting enzyme; AltName: Full=Snake venom serine protease; Short=SVSP,VVGGDECDINEHPFLAFLYSHGYFCGLTLINQEWVLTAAHCDRRFMRIYL,50,Snake Venom Serine Protease,Bothrops pirajai,"['Anticoagulant', 'Procoagulant']",NCBI
A8QL56.1,RecName: Full=Alpha- and beta-fibrinogenase OhS1; AltName: Full=Snake venom serine protease; Short=SVSP; Flags: Precursor,MALIRVLASLLILQLSYAVTPFDRIIGGFECNEYEHRSLVHLYNSSGFFCSGTLLNHEWVLTAAHCNRDDIQIKLGVHNVSVNYEDEQIRVPKEKLCCHSTNNCTQLGQDIMLIRLNSSVNYSEHIAPLSLPSNRPSMGSVCRVMGWGLLTSPEVTFPKVPHCVDINILHIQVCQAAYPSMSENYLLCAGVLEGGKDSCKGDSGGPLICNREIQGIVSWGGFPCAQLLEPGVYTKVFDYIDWIEGIIAGNTSVTCPSDNF,260,Snake Venom Serine Protease,Ophiophagus hannah,"['Anticoagulant', 'Procoagulant']",NCBI
A8QL53.1,RecName: Full=Snake venom serine protease NaSP; Short=SVSP; Flags: Precursor,MVLIRVLASLLILQLSYSKSLDDGAKESAYDDEIQQSSWGNSTVNTTLTETVVIQLIMGGSECYKSKHPFLVYLYNSAGFFCSGTLLNHEWVLTAAHCNRDDIQLKLGVHNVHVHYEDEQIRVPKEKLCCLSTKNCTQWSQDIMLIRLNSSVNNSKHIEPLSLPSRPPSMGSDCTVMGWGTITSPKVTYPKVPHCVDIKILHNPVCQAAYPTMSRKNILCAGVLEGGKDSCKGDSGGPLICDGQIQGIVSWGRFPCAQLLEPGVYTKVFDYIDWIRGIIAGN,282,Snake Venom Serine Protease,Naja atra,"['Anticoagulant', 'Procoagulant']",NCBI
A8QL57.1,RecName: Full=Snake venom serine protease BmSP; Short=SVSP; Flags: Precursor,MVLIGVLASLLILQLSYSKSLDDGAKESAYDDEIQQSSWGNSTVNTTLTETVVIQLIMGGSECYKSKHPFLVYLYNSAGFFCSGTLLNHEWVLTAAHCNRDDIQLKLGVHNVHVHYEDEQIRVPKEKLCCLSTKNCTQWSQDIMLIRLNSSVNNSKHIEPLSLPSRPPSMGSDCTVMGWGTITSPKVTYPKVPHCVDIKILHNPVCQAAYPTMSRKNILCAGVLEGGKDSCKGDSGGPLICDGQIQGIVSWGRFPCAQLLEPGVYTKVFDYIDWIKGIIAGN,282,Snake Venom Serine Protease,Bungarus multicinctus,"['Anticoagulant', 'Procoagulant']",NCBI
P81824.2,RecName: Full=Platelet-aggregating proteinase PA-BJ; AltName: Full=Snake venom serine protease; Short=SVSP; Flags: Precursor,NSLVIVVGGRPCKINVHRSLVLLYNSSSLLCSGTLINQEWVLTAAHCDSKNFKMKLGVHSIKIRNKNERTRHPKEKFICPNRKKDDVLDKDIMLIRLNRPVSNSEHIAPLSLPSSPPSVGSVCYVMGWGKISSTKETYPDVPHCAKINILDHAVCRAAYTWWPATSTTLCAGILQGGKDTCEGDSGGPLICNGLQGIVSGGGNPCGQPRKPALYTKVFDYLPWIESIIAGTTTATCP,237,Snake Venom Serine Protease,Bothrops jararaca,"['Anticoagulant', 'Procoagulant']",NCBI
F8S114.1,RecName: Full=Thrombin-like enzyme crotalase; Short=SVTLE; AltName: Full=Fibrinogen-clotting enzyme; AltName: Full=Snake venom serine protease 2; Short=SVSP; Flags: Precursor,MVLIRVLANLLILQLSYAQKSSELVIGGDECNINEHRFLVALYDYWSQSFLCGGTLINEEWVLTAKHCDRTHILIYVGVHDRSVQFDKEQRRFPKEKYFFDCSNNFTKWDKDIMLIRLNKPVSYSEHIAPLSLPSSPPIVGSVCRAMGWGQTTSPQETLPDVPHCANINLLDYEVCRTAHPQFRLPATSRTLCAGVLEGGIDTCNRDSGGPLICNGQFQGIVFWGPDPCAQPDKPGLYTKVFDHLDWIQSIIAGEKTVNCPP,262,Snake Venom Serine Protease,Crotalus adamanteus,"['Anticoagulant', 'Procoagulant']",NCBI
Q9I8X1.2,RecName: Full=Snake venom serine protease Dav-PA; Short=SVSP; AltName: Full=AaV-SP-I; AltName: Full=AaV-SP-II; Flags: Precursor,MVLIRVLANLLILQLSYAQKSSELVIGGNECDINEHRFLVAFFNTTGFFCGGTLINPEWVVTAAHCDSTDFQMQLGVHSKKVLNEDEQTRNPKEKFICPNKNNNEVLDKDIMLIKLDKPISNSKHIAPLSLPSSPPSVGSVCRIMGWGSITPVKETFPDVPYCANINLLDHAVCQAGYPELLAEYRTLCAGIVQGGKDTCGGDSGGPLICNGQFQGIVSYGAHPCGQGPKPGIYTNVFDYTDWIQRNIAGNTDATCPP,258,Snake Venom Serine Protease,Deinagkistrodon acutus,"['Anticoagulant', 'Procoagulant']",NCBI
E0Y418.1,RecName: Full=Serine protease VLSP-1; AltName: Full=Snake venom serine protease; Short=SVSP; Flags: Precursor,MVLIRVLANLLVLHLSYAQKSSELVIGGDECNINEHPFLALMYNSTSMKFHCSGTLLNEEWVLTAAHCDMENMQIYLGVHDKKNPNKDQQTRVPKEMFFCLSNKSYTPWDKDIMLIRLNSPVTYSTHIAPFSLPSSPPTVGSVCRIMGWGAITSPNETYPDVPHCANIEIYDYSVCRKAYGGLPEKSRTLCAGVLQGGIDTCLADSGGPLICNGQFQGIVAWGRHPCAQPQLPAFYTKVFDYSDWIQSIIAGNTAATCPS,260,Snake Venom Serine Protease,Macrovipera lebetinus,"['Anticoagulant', 'Procoagulant']",NCBI
E0Y421.1,RecName: Full=Chymotrypsin-like protease VLCTLP; AltName: Full=Snake venom serine protease; Short=SVSP; AltName: Full=Vipera Lebetina with chymotrypsin-like proteolytic activity; Flags: Precursor,MVLIRVLANLLLLQLSYAQKSSELVVGGDECNINEHRSLVFLYNSSFGCGGTLINQQWVLSAAHCDMENVQIYLGLHNLRLRNQDEQIRVAEEKFFCLSNKSYTKWDKDIMLIRLNSSVTYNTHIAPLSLPSSPPRVGSVCRIMGWGAITSPNETFPNVPHCANINILRYSVCRAAYRGLPAQSRTLCAGILQGGIGSCMGDSGGPLICNGEIQGIVSWGDDICAQPHKPVHYTKVFDYSDWIQSIIAGNTTATCPL,257,Snake Venom Serine Protease,Macrovipera lebetinus,"['Anticoagulant', 'Procoagulant']",NCBI
P0DJF5.1,RecName: Full=Venom plasminogen activator GPV-PA; AltName: Full=Green pit viper plasminogen activator; Short=GPV-PA; AltName: Full=Snake venom serine protease; Short=SVSP; Flags: Precursor,MVLIRVLANLLILQLSYAQKSSELVFGGRPCNINEHRSLVVLFNSSGFLCGGTLINQDWVVTAAHCDSNNFQLLFGVHSKKTLNEDEQTRDPKEKFFCPNRKKDDEVDKDIMLIKLDSSVNNSEHIAPLSLPSSPPSVGSVCRIMGWGKTIPTKDIYPDVPHCANINILDHAVCRTAYSWRQVANTTLCAGILQGGKDTCHFDSGGPLICNEQFHGIVSWGGHPCGQPREPGVYTNVFDYTDWIQSIIAGNKDATCPP,258,Snake Venom Serine Protease,Trimeresurus albolabris,"['Anticoagulant', 'Procoagulant']",NCBI
E0Y419.1,RecName: Full=Beta-fibrinogenase; Short=VLBF; AltName: Full=Snake venom serine protease; Short=SVSP; Flags: Precursor,MVLIRVLANLLLLQLSHAQKSSELVVGGDECNINEHRSLVFLYNSSFGCGGTLINQEWVLSAAHCDMENMRIYLGWHNFSLPNMNQKRRVAKEKFFCLSSKNYTEWDKDIMLIKMNRPVTYSTHVAPLSLPSSPPSVGSVCRIMGWGAITSPNETYPDVPHCANINILNYTVCRAAHPWLPAQSRTLCAGILQGGIDTCKGDSGGPLICNGQIQGIVSWGDNPCAQPLKPGHYTNVFDYTDWIQSIIAGNTTATCPP,257,Snake Venom Serine Protease,Macrovipera lebetinus,"['Anticoagulant', 'Procoagulant']",NCBI
P0CJ41.1,RecName: Full=Alpha-fibrinogenase albofibrase; AltName: Full=Snake venom serine protease; Short=SVSP; Flags: Precursor,MVLIRVLANLLILQLSYAQKSSELVVGGDECNINEHHSLVAIFNSTGFFCSGTLINQEWVVTAAHCDSKNFKMKFGAHSKKLLNEDEQIRNPKEKFICPNKKSNEILDKDIMLIKLDSPVSNSAHIAPLSLPSSPPSVGSVCRIMGWGSTTPIEVTYPDVPYCANINLLDDAECKPGYPELLPEYRTLCAGIVQGGKDTCGGDSGGPLICNEKLHGIVSYGGHPCGQSHKPGIYTNVFDYNDWIQSIIAGNTDATCLS,258,Snake Venom Serine Protease,Trimeresurus albolabris,"['Anticoagulant', 'Procoagulant']",NCBI
E0Y420.1,RecName: Full=Serine protease VLSP-3; AltName: Full=Snake venom serine protease; Short=SVSP; Flags: Precursor,MVLIRVLANLLVLQLSYAQKSSELVIGGDECNINEHRSLVYLYNDSNFQCGGTLINQEWVLSAAHCDMENMEIYLGVHNLSLPNKDQKRRDPKEKFFCLSSKNYTKWDKDIMLIKLNRPVKTSTHIAPLSLPSSPPSVGSVCRIMGWGTVTSPNETLLDVPHCANINILNYTVCRAASPRLPTQSRTLCAGILQGGIDACKGDSGGPLICNGQIQGIVSWGNHPCAQPLKPGHYTHVFDYTDWIQSIIAGNTTATCPP,258,Snake Venom Serine Protease,Macrovipera lebetinus,"['Anticoagulant', 'Procoagulant']",NCBI
A7LAC7.1,RecName: Full=Thrombin-like enzyme 2; Short=SVTLE; AltName: Full=Fibrinogen-clotting enzyme; AltName: Full=Green pit viper thrombin-like enzyme 2; Short=GPV-TL2; AltName: Full=Snake venom serine protease; Short=SVSP; Flags: Precursor,MMLIRVLANLLILQLSYAQKSSELVIGGDECNINEHRFLVALYDVWSGDFLCGGTLINKEYVLTAAHCETRNMYIYLGMHNKMYQFDDEQRRYPKKKYFFRCSNNFTRWDKDIMLIRLNRPVRNSEHIAPLSLPSSPPSVGSVCRVMGWGTITSPNETLPDVPRCANINLLNYTVCRGVFPRLPARSRTLCAGVLQGGIDTCKRDSGGPLICNGKLQGVVFWGPKPCAQPRKPALYTKVFDHLDWIQSIIAGNTTVTCPP,260,Snake Venom Serine Protease,Trimeresurus albolabris,"['Anticoagulant', 'Procoagulant']",NCBI
A7LAC6.1,RecName: Full=Thrombin-like enzyme 1; Short=SVTLE; AltName: Full=Fibrinogen-clotting enzyme; AltName: Full=Green pit viper thrombin-like enzyme 1; Short=GPV-TL1; AltName: Full=Snake venom serine protease; Short=SVSP; Flags: Precursor,MVLITVLANLLILQLSYAQKSSELVIGGDECNINEHRFLVALYDVWSGDFLCGGTLINKEYVLTAAHCETRNMYIYLGMHNKNVQFDDEQRRYPKKKYFFRCSNNFTRWDKDIMLIRLNRPVRNSEHIAPLSLPSSPPSVGSVCRVMGWGTITSPNETLPDVPRCANINLLNYTVCRGVFPRLPARSRTLCAGVLQGGIDTCKRDSGGPLICNGQLQGVVFWGPKPCAQPRKPALYTKVFNHLDWIQSIIAGNTTVTCPP,260,Snake Venom Serine Protease,Trimeresurus albolabris,"['Anticoagulant', 'Procoagulant']",NCBI
B0FXM2.1,RecName: Full=Thrombin-like enzyme gyroxin B1.4; Short=SVTLE gyroxin B1.4; AltName: Full=Fibrinogen-clotting enzyme; AltName: Full=Snake venom serine protease; Short=SVSP; Flags: Precursor,MVLIRVLANLLILQLSYAQKSSELVIGGDECNINEHNFLVALYEYWSQSFLCGGTLINGEWVLTAAHCDRTHFLIYVGVHDRSVQFDKEQRRFPKEKYFFNCGNNFTKWDKDIMLIRLNKPVRNNEHIAPLSLPSSPPSVGSVCRVMGWGQTTSPQNTLPDVPHCANINLLDYEVCRTALPQLRLPATSRILCAGVLEGGIDTCNRDSGGPLICNGEFQGIVFWGPDPCAQPDKPALYSKVFDHLDWIQSIIAGNTIVNCPP,262,Snake Venom Serine Protease,Crotalus durissus terrificus,"['Anticoagulant', 'Procoagulant']",NCBI
B0FXM1.1,RecName: Full=Thrombin-like enzyme gyroxin B1.3; Short=SVTLE gyroxin B1.3; AltName: Full=Fibrinogen-clotting enzyme; AltName: Full=Snake venom serine protease; Short=SVSP; Flags: Precursor,MVLIRVLANLLILQLSYAQKSSELVIGGDECNINEHNFLVALYEYWSQSFLCGGTLINGEWVLTAAHCDRKHILIYVGVHDRSVQFDKEQRRFPKEKYFFNCRNNFTKWDKDIMLIRLNKPVSYSEHIAPLSLPSSPPIVGSVCRVMGWGTIKSPQETLPDVPHCANINLLDYEVCRTAHPQFRLPATSRILCAGVLEGGIDTCHRDSGGPLICNGEFQGIVSWGDGPCAQPDKPALYSKVFDHLDWIQNIIAGSETVNCPS,262,Snake Venom Serine Protease,Crotalus durissus terrificus,"['Anticoagulant', 'Procoagulant']",NCBI
P0DJ86.1,RecName: Full=Thrombin-like enzyme leucurobin; Short=Leuc; Short=SVTLE; AltName: Full=Fibrinogen-clotting enzyme; AltName: Full=Snake venom serine protease; Short=SVSP,VIGGDECDINEHPFLAFMYYSPRYFCGMTLINQEWVLTAAHCNRRFMRIXXXXHAGSVANYDEVVRXXXXXFICPNKKKNVITDKDIMLIRLDRPVKNSEHIAPLSLPSNPPSVGSVCRIMGWGAITTSEDTYPDVPHCANINLFNNTVCREAYNGLPAKTLCAGVLQGGIDTCGGDSGGPLICNGQFQGILSWGSDPCAEPRKPAFYTKVFDYLPWIQSIIAGNKTATCP,231,Snake Venom Serine Protease,Bothrops leucurus,"['Anticoagulant', 'Procoagulant']",NCBI
P0CG03.1,RecName: Full=Thrombin-like enzyme bhalternin; Short=SVTLE; AltName: Full=Fibrinogen-clotting enzyme; AltName: Full=Snake venom serine protease; Short=SVSP; Flags: Precursor,MVLIRVLANLLILQLSYAQKASELVIGGDECNINEHRSLVVLFNSSGFLCAGTLINQEWVLTAANCDRKNIRIKLGMHSKNVTNEDEQTRVPKRSTFVSVAKTSHQTLGTRTSMLIRLKRPVNDSPHIAPLSLPSSPPSVGSVCRVMGWGTISPTKVSYPDVPHCANINLLDYEVCREAHGGLPATSRTLCAGILEGGKDSCQGDSGGPLICNGQFQGILSWGVHPCGQPHKPGVYTKVSDYSEWIQSIIAGNTDVTCPP,260,Snake Venom Serine Protease,Bothrops alternatus,"['Anticoagulant', 'Procoagulant']",NCBI
B0ZT25.1,RecName: Full=Snake venom serine protease homolog; Short=TjsvSPH; AltName: Full=Serine proteinase-like protein; Flags: Precursor,MVLVRVLANLLMLQLSYAQKSSELIIGGDECNINEHRFLVALYTFRSRRFHCSGTLINEEWVLSAARCDRKNIRIQLGMHSTNVINEDVQTRVPKEKFFCLSSKTYTKWNKDIMLIRLKKPVNNSTHIAPVSLPSNPPSLGSVCRVMGWGTISATKETHPDVPYCANINILDYSVCRAAYARLPATSRTLCAGILEGGKDSCLTDSGGPLICNGQFQGIVSWGGHPCGQPRKPGLYTKVFDHLDWIKSIIAGNKDATCPP,260,Snake Venom Serine Protease,Protobothrops jerdonii,"['Anticoagulant', 'Procoagulant']",NCBI
P0C5B4.2,RecName: Full=Thrombin-like enzyme gloshedobin; Short=SVTLE; AltName: Full=Defibrase; AltName: Full=Fibrinogen-clotting enzyme; AltName: Full=Snake venom serine protease; Short=SVSP; Flags: Precursor,MVLIRVQANLLILQLSYAQKSSELIIGGDECNINEHRFLVALYTSRSRRFYCGGTLINQEWVLTAAHCDRKNIRIKLGMHSEKVPNEDAETRVPKEKFFCLSSKTYTKWDKDIMLMRLKRPVNNSTHIAPVSLPSNPPSVDSVCRVMGWGTITSPQETYPDVPHCANINILDYEVCQAAHGGLPATSRTLCAGILKGGKDSCKGDSGGPLICNGQFQGIASWGAHPCGQSLKPGVYTKVFDYTEWIQSIIAGNTDATCPP,260,Snake Venom Serine Protease,Gloydius shedaoensis,"['Anticoagulant', 'Procoagulant']",NCBI
Q6T5L0.2,RecName: Full=Alpha-fibrinogenase shedaoenase; AltName: Full=Snake venom serine protease; Short=SVSP,VIGGDECNINEHRFLVALYTSRFRTLFCGGTLINQEWVLTAAHCDRKNFRIKLGIHSKKVPNEDEQTRVPKEKFFCLSSKNYTLWDKDIMLIRLDSPVKNSTHIAPFSLPSSPPSVGSVCRIMGWGRISPTEETYPDVPHCVNINLLEYEMCRVPYPEFGLPATSRTLCAGILEGGKDTCRGDSGGPLICNGQFQGIASWGDDPCAQPHKPAAYTKVFDHLDWIKSIIAGNTDASCPP,238,Snake Venom Serine Protease,Gloydius shedaoensis,"['Anticoagulant', 'Procoagulant']",NCBI
Q8UUJ2.2,RecName: Full=Snake venom serine protease ussurin; Short=SVSP,VIGGVECNINEHRFLVALYTSRSRRFYCGGTLINQEWVLTAAHCDRKNIRIKLGMHSEKVPNEDAQTRVPKEKFFCLSSKTYTKWDKDIMLMRLKRPVNNSTHIAPVSLPSNPPSVGSVCRVMGWGTITSSQETHPDVPHCANINILDYEVCRAAYPELPVTRRTLCAGILEGGKDSCNGDSGGPLICNGQFQGIAYWGADTCAQPREPGLYTKVFDYTDWIQSIISGNTDATCPQ,236,Snake Venom Serine Protease,Gloydius ussuriensis,"['Anticoagulant', 'Procoagulant']",NCBI
Q8UUJ1.2,RecName: Full=Snake venom serine protease ussurase; Short=SVSP,VIGGVECNINEHGFLALLYSRRFQCGGTLINEEWVLTAAHCDMRNMYIYLGVHNVSVQYDDEQRRYPKKKYFCLSSRNYNQWDKDIMLIRLNRPVRNSAHIAPLSLPSNPPSVGSVCRVMGWGTITSPQETLPDVPHCANINILDYEVCRAAYPELPVTRRTLCAGILEGGKDSCNGDSGGPLICNGQFQGIAYWGADTCAQPREPGLYTKVFDYTDWIQSIISGNTDATCPQ,233,Snake Venom Serine Protease,Gloydius ussuriensis,"['Anticoagulant', 'Procoagulant']",NCBI
O93421.2,RecName: Full=Snake venom serine protease pallase; Short=SVSP pallase,VIGGDECNINEHRFLVALYTSRTLFCGGTLINQEWVLTAAHCNMEDIQIKLGMHSKKVPNEDEQKRVPKEKFFCLSSKKLYLWDKDIMLIRLDSPVKNSAHIAPLSLPSSPPSVGSVCRTMGWGRISSTKETYPDVPHCVNINLLEYEMCRAPYPEFELPATSRTLCAGILEGGKDTCVGDSGGPLICNGQFQGIASWGDHPCAQPHKPAAYTKVFDHLDWIENIIAGNTDASCPP,236,Snake Venom Serine Protease,Gloydius halys,"['Anticoagulant', 'Procoagulant']",NCBI
P85109.1,RecName: Full=Thrombin-like enzyme kangshuanmei; Short=SVTLE; AltName: Full=Fibrinogen-clotting enzyme; AltName: Full=Snake venom serine protease; Short=SVSP,VIGGDECNINEHRFLVALYHSRSRTFLCGGTLINQEWVLTAAHCDRFFMYIRLGMHNKNVNFDDEQRRSPKEKYFFRCSNNFTKWDKDIMLIRLDSPVNNSAHIAPLSLPSNPPSVGSVCRVMGWGQTTSPQEDLSDVPRCANINLFNFTVCRAAYPWLPATSRVLCAGDMEGGIDTCNRDSGGPLICNGQFQGIVSKGQNLCAQPRKPALYTKVFDHLDWIQSIIAGNKTVTCPP,236,Snake Venom Serine Protease,Gloydius brevicauda,"['Anticoagulant', 'Procoagulant']",NCBI
Q2PQJ3.1,RecName: Full=Thrombin-like enzyme BjussuSP-1; Short=SVTLE BjussuSP-1; AltName: Full=Fibrinogen-clotting enzyme; AltName: Full=Jararacussin-I; AltName: Full=Snake venom serine protease 1; Short=SVSP; AltName: Full=Thrombin-like enzyme BjussuSP-I; Short=SVTLE BjussuSP-I,VLGGDECDINEHPFLAFLYSHGYFCGLTLINQEWVVTAAHCDSTNFQMQLGVHSKKVLNEDEQTRNPKEKFICPNKNMSEVLDKDIMLIKLDKPISNSKHIAPLSLPSNPPSVGSVCRIMGWGSITIPNETYPDVPYCANINLVDYEVCQGAYNGLPAKTTLCAGVLEGGKDTCVGDSGGPLICNGQFQGIVSYGAHSCGQGPKPGIYTNVFDYTDWIQRNIAGNTDATCPP,232,Snake Venom Serine Protease,Bothrops jararacussu,"['Anticoagulant', 'Procoagulant']",NCBI
Q27J47.1,RecName: Full=Venom plasminogen activator LV-PA; AltName: Full=LMUT0402S; AltName: Full=Plasminogen activating proteinase; AltName: Full=Snake venom serine protease; Short=SVSP; Flags: Precursor,MVLITVLANLLILQLSYAQKSSKLVFGGDECNINEHRSLVVLFNSSGFLCAGTLINKEWVLTAAHCDSENFQMQLGVHSKKVPNKDEETRDPKEKFICPNRKKNDEKDKDIMLIRLNRPVSNSEHIALLSLPSSPPSVGSVCRIMGWGTISPTKEIYPDVPHCADINILDHAVCRAAYSGWLATSTTLCAGILEGGKDSCHGDSGGPLICNGQFQGIVSLGRHPCGHPDEPGVYTKVFDYTDWIQSIIAGNTDAACPP,258,Snake Venom Serine Protease,Lachesis muta muta,"['Anticoagulant', 'Procoagulant']",NCBI
Q072L6.1,RecName: Full=Thrombin-like enzyme asperase; Short=SVTLE; AltName: Full=Fibrinogen-clotting enzyme; AltName: Full=Snake venom serine protease; Short=SVSP; Flags: Precursor,MVLIRVLANLLILQLSYAQKSSELVIGGDECNINEHRSLVVLFNSSGFLCAGTLVQDEWVLTAANCDSKNFQMQLGVHSKKVLNEDEQTRDPKEEASLCPNRKKDDEVDKDIMLIKLDSRVSNSEHIAPLSLPSSPPSVGSVCRIMGWGTISPTKETYPDVPHCANINILDHAVCRAAYPWQPVSSTTLCAGILQGGKDTCWGDSGGPLICNGEFQGIVSWGAHPCGQPHNPGVYTKVSDYTEWIKSIIAGNTAAACPP,259,Snake Venom Serine Protease,Bothrops asper,"['Anticoagulant', 'Procoagulant']",NCBI
P84787.1,RecName: Full=Thrombin-like enzyme elegaxobin-2; Short=SVTLE; AltName: Full=Elegaxobin II; AltName: Full=Fibrinogen-clotting enzyme; AltName: Full=Snake venom serine protease; Short=SVSP,VIGGDECNINEHPFLVLVYYDEYQCGGTLINEEWVLTAAHCDGENMEIHLGMHSKKVPNKDRRRRVPKEKFFCDSSKNYTKWNKDIMLIRLNRPVRKSAHIAPLSLPSSPPSVGSVCRIMGWGTISPTEETYPDVPHCANINLLDYEVCRAAYPELPATSRTLCAGILEGGKDSCGGDSGGPLICNGQFQGIVSWGGDPCAQPHEPGSYTNVFDHLDWIKGIIAGNTDATCPL,233,Snake Venom Serine Protease,Protobothrops elegans,"['Anticoagulant', 'Procoagulant']",NCBI
P84788.1,RecName: Full=Thrombin-like enzyme elegaxobin-1; Short=SVTLE; AltName: Full=Elegaxobin I; AltName: Full=Fibrinogen-clotting enzyme; AltName: Full=Snake venom serine protease; Short=SVSP,VIGGDECNINEHPFLVLVYYDDYQCGGTLINEEWVLTAAHCNGKNMEIYLGVHSKKVPNKDVQRRVPKEKFFCDSSKTYTKWNKDIMLIRLDRPVRKSAHIAPLSLPSSPPSVGSVCRVMGWGTITSPQETYPDVPHCAKINLLDYSECRAAYPGLPPKSRTLCAGVLEGGKDTCGGDSGGPLICNGQFQGIVSWGGDPCAQPHEPGSYTNVFDHLDWIKGIIAGNTDATCPL,233,Snake Venom Serine Protease,Protobothrops elegans,"['Anticoagulant', 'Procoagulant']",NCBI
Q9YGJ9.1,RecName: Full=Snake venom serine protease Haly-2; Short=SVSP; Flags: Precursor,MVLIRVLANLLILQLSYAQKSSELIIGGDECNINEHRSLVLMYYDGHQCDGTLINEEWVLTAAHCDGENMEIQLGVHSKKVPNEDVQTRVPKEKFFCDSNKTYARWNKDIMLIRLDRPVSNSAHIAPLSLPSSPPSVGSVCRIMGWGTFSTTQETYPDVPHCANINIHDFEVCQAAYPGLPATNRILCAGILEGGKDTCKGDSGGPLICNGEIQGIVSWGGHLCGNVLEPGIYTKVFDHLEWIRSIIAGNTDATCPL,257,Snake Venom Serine Protease,Gloydius brevicauda,"['Anticoagulant', 'Procoagulant']",NCBI
P34182.1,RecName: Full=Zinc metalloproteinase/disintegrin; Contains: RecName: Full=Snake venom metalloproteinase atrolysin-E; Short=SVMP; AltName: Full=Hemorrhagic metalloproteinase HT-E; AltName: Full=Hemorrhagic toxin E; Contains: RecName: Full=Disintegrin atrolysin-E; AltName: Full=Atrolysin-E disintegrin; Short=Atrolysin E/D; Contains: RecName: Full=Disintegrin atrolysin-E (4-73); Contains: RecName: Full=Disintegrin atrolysin-E (3-73); Flags: Precursor,MIQVLLVTICLAAFPYQGSSIILESGNVNDYEVIYPRKVTALPKGAVQPKYEDTMQYELKVNGEPVVLHLEKNKGLFSKDYSETHYSFDGRKITTNPSVEDHCYYHGRIENDADSTASISACNGLKGHFKLQGEMYLIEPLKLSDSEAHAVFKLKNVEKEDEAPKMCGVTQNWESYEPIKKASDLNLNPEHQRYVELFIVVDHGMYTKYNGDSDKIRQRVHQMVNIMKESYTYMYIDILLAGIEIWSNGDLINVQPASPNTLNSFGEWRETDLLKRKSHDNAQLLTSIAFDEQIIGRAYIGGICDPKRSTGVVQDHSEINLRVAVTMTHELGHNLGIHHDTDSCSCGGYSCIMSPVISDEPSKYFSDCSYIQCWEFIMNQKPQCILKKPLRTDTVSTPVSGNELLEAGIECDCGSLENPCCYATTCKMRPGSQCAEGLCCDQCRFMKKGTVCRVSMVDRNDDTCTGQSADCPRNGLYG,478,Disintegrin,Crotalus atrox,['Platelet aggregation inhibitor'],NCBI
ABD34835.1,"venom metalloproteinase and disintegrin jararacin, partial [Bothrops jararaca]",ERDLLVAVTMDHELGHNLGIRHDTGSCSCGGYSCVMSPVISHDISKYFSDCSYIQCWDFIMKENPQCILNKHLRTDTVSTPVSGNELLEAGEECDCGTPGNPCCDAATCKLRPGAQCAEGLCCDQCRFKGAGKICRRARGDNPDDRCTGQSADCPRNRFHA,161,Disintegrin,Bothrops jararaca,['Platelet aggregation inhibitor'],NCBI
ABD34834.1,"venom metalloproteinase and disintegrin jarastatin, partial [Bothrops jararaca]",RTDTVSTPVSGNELLEAGEECDCGTPGNPCCDAATCKLRPGAQCAEGLCCDQCRFMKEGTVCRRARGDDMDDYCNGISAGCPRNPFHA,88,Disintegrin,Bothrops jararaca,['Platelet aggregation inhibitor'],NCBI
AAB30855.1,"jararhagin-C=28 kda disintegrin homolog [Bothrops jararaca=snakes, venom, Peptide, 212 aa]",IISPPVCGNELLEVGEECDCGTPENCQNECCDAATCKLKSGSQCGHGDCCEQCKFSKSGTECRASMSECDPAEHCTGQSSECPADVFHKNGQPCLDNYGYCYNGNCPIMYHQCYALFGADVYEAEDSCFKDNQKGNYYGYCRKENGKKIPCAPEDVKCGRLYCKDNSPGQNNPCKMFYSNDDEHKGMVLPGTKCADGKVCSNGHCVDVATAY,212,Disintegrin,Bothrops jararaca,['Platelet aggregation inhibitor'],NCBI
AAB27211.1,"hemorrhagic metalloproteinase HT-1, disintegrin HT-1=31 kda platelet aggregation inhibitor [Crotalus ruber=red rattlesnakes, ssp. ruber, venom, Peptide Partial, 216 aa]",LGTDIISPPVCGNELLEVGEECDCGFPRNCRDPCCDATTCKLHSWVECESGECCGQCKFTSAGNECRPARSECDIAESCTGQSADCPMDDFHRNGQPCLNNFGYCYNGNCPILYHQCYALFGSNVYEAEDSCFERNQKGDDDGYCRKENGEKIPCAPEDVKCGRLYCKDNSPGPNDSCKTFNSNEDDHKEMVLPGTKCADGKVCSNGHCVDVASAY,216,Disintegrin,Crotalus ruber,['Platelet aggregation inhibitor'],NCBI
AAB27210.1,"hemorrhagic metalloproteinase HR1A, disintegrin HR1A=32 kda platelet aggregation inhibitor [Trimeresurus flavoviridis=Okinawa habus, venom, Peptide Partial, 209 aa]",IVSPPVCGNELLEVGEECDCGSPATCRYPCCDAATCKLHSWVECESGECCEQCRFRTAGTECRARRSECDIAESCTGHSADCPTDRFHRNGQPCLHNFGYCYNGNCPIMYHQCYALWGANATVAKDSCFEDNQKGNDYGYCRKENGRKIPCEPQDVKCGRLYCSLGNQLPCRFFYTPTDENIGMVDTGTKCGDKKVCSNRQCVDVNTAY,209,Disintegrin,Protobothrops flavoviridis,['Platelet aggregation inhibitor'],NCBI
AAB22478.1,"coagulation factor X activating enzyme light chain, RVV-X-light chain, LC1=metalloproteinase with disintegrin (platelet aggregation inhibitor)-like and C-type lectin-like domains [Vipera russelli=Russell's viper, Siamensis, venom, Peptide, 123 aa]",VLDCPSGWLSYEQHCYKGFNDLKNWTDAEKFCTEQKKGSHLVSLHSREEEEFVVNLISENLEYPATWIGLGNMWKDCRMEWSDRGNVKYKALAEESYCLIMITHEKEWKSMTCNFIAPVVCKF,123,Disintegrin,Daboia russelii,['Platelet aggregation inhibitor'],NCBI
AAB22477.1,"coagulation factor X activating enzyme heavy chain, RVV-X-heavy chain=metalloproteinase with disintegrin (platelet aggregation inhibitor)-like and C-type lectin-like domains [Vipera russelli=Russell's viper, Siamensis, venom, Peptide, 429 aa]",LVSTSAQFNKIFIELVIIVDHSMAKKCNSTATNTKIYEIVNSANEIFNPLNIHVTLIGVEFWCDRDLINVTSSADETLNSFGEWRASDLMTRKSHDNALLFTDMRFDLNTLGITFLAGMCQAYRSVEIVQEQGNRNFKTAVIMAHELSHNLGMYHDGKNCICNDSSCVMSPVLSDQPSKLFSNCSIHDYQRYLTRYKPKCIFNPPLRKDIVSPPVCGNEIWEEGEECDCGSPANCQNPCCDAATCKLKPGAECGNGLCCYQCKIKTAGTVCRTRRARDECDVPEHCTGQSAECPRDQLQQNGKPCQNNRGYCYNGDCPIMRNQCISLFGSRANVAKDSCFQENLKGSYYGYCRKENGRKIPCAPQDVKCGRLFCLNNSPRNKNPCNMHYSCMDQHKGMVDPGTKCEDGKVCNNKRQCVDVNTAYQSTTG,429,Disintegrin,Daboia russelii,['Platelet aggregation inhibitor'],NCBI
A43020,"platelet aggregation disintegrin (jararacin), venom - jararacussu",EAGEECDCGTPGNPCCDAATCKLRPGAQCAEGLCCDQCRFKGAGKICRRARGDNPDDRCTGQSADCPRNRFHA,73,Disintegrin,Bothrops jararacussu,['Platelet aggregation inhibitor'],NCBI
AEI52542.1,venom Kunitz trypsin inhibitor protein 2 [Vipera renardi],MSSGGLLLLLGLLTLWAELTPISGQDHPVFCYLPADPGICKAHKPRFYYNPASNKCKEFFYGGCGGNANNFKTRDECHHTCVASAMGRPT,90,Kunitz-type Serine Protease Inhibitor,Vipera renardi,"['Enzyme inhibitor', 'Anticoagulant']",NCBI
XP_070812689.1,cysteine-rich venom protein latisemin-like [Pituophis catenifer annectens],MWHEEMIAFIVLLSVAAVLQQSPGNADFASESSNKRENQKEIVDKHNALRRSVRPTARNMLQMEWNSNAAQNAKRWADRCSFNHSPRHLRTVGKLSCGENLFMSSHPHSWTGVIQAWYNEYKKFRYGVGANPPGSVIGHYTQIVWYKSYLVGCAAARCTSSRFNYFYVCHYCPAGNIVGSIATPYKSGPPCGDCPSACVNGLCTNPCEYENNFSNCEDLAKQFGCQSAWIKSNCPASCFCRNEII,245,Cysteine-Rich Secretory Protein,Pituophis catenifer annectens,['Ion channel blocker'],NCBI
XP_070812678.1,cysteine-rich venom protein TEL1 [Pituophis catenifer annectens],MIVFILLSLAAVLQQSFGNVDFDSESPRRQDKQREIVDMHNSFRRSVSPTASNMLKMEWYSEAASNAERWAYRCVLGHSPDTSRILEGIKCGENIYMSSVPLAWTEIIQLWYNEYKNFIYGVGANPEGSVIGHYTQIVWYKSYRIGCAAYYCPSSSYNYFYVCQYCPAGNLIGLTATPYKSGPTCGDCPSACDNGLCTNPCLHKDEFTNCKSLVQQSNCQNDWIRENCPATCFCPTEII,239,Cysteine-Rich Secretory Protein,Pituophis catenifer annectens,['Ion channel blocker'],NCBI
XP_070588619.1,cysteine-rich venom protein LIO1 [Erythrolamprus reginae],MIVFILLSFAAVLQQSFGLIDIDSQSPRRPEIQNLIVDTHNSYRRSVSPTATNMLKMEWYPEAAASAERWAYQCVYDHSQDYERVIDGIQCGENIFKSSNVRPWTEVLQSWYDEYRNFVFGVGANPSDSVIGHYTQIVWYKSYRVGCAVAYCPSNPYNYFYVCQYCPAGNFAGQTATPYNSGPTCEDCPSACDDRLCTNPCTRQNDFTNCNDLVRQSGCQDEWMKSKCSASCFCKNKII,239,Cysteine-Rich Secretory Protein,Erythrolamprus reginae,['Ion channel blocker'],NCBI
XP_070588618.1,cysteine-rich venom protein kaouthin-2-like [Erythrolamprus reginae],MIAFIVLLSLAAVLQQSSGNVDFASESGNKREHQKEIVDKHNALRRSVRPTARNMLQMEWNANAAQNAKRWADRCSFSHSPPNLRTVGNVACGENLFMSSHPFTWTRVIQSWYDEYKNFRFGVGASPPGSVIGHYTQIVWYKSYLIGCAVARCSSSSFKYYHVCHYCPAGNIRGSIPTPYKPGPPCGDCPSACVNGLCTNPCKHNDVFTNCNSLAKQSRCQSDRIRSICPASCFCRTEII,240,Cysteine-Rich Secretory Protein,Erythrolamprus reginae,['Ion channel blocker'],NCBI
6IMF_A,"Chain A, Cysteine-rich venom protein triflin",NVDFDSESPRKPEIQNEIIDLHNSLRRSVNPTASNMLKMEWYPEAAANAERWAYRCIESHSSRDSRVIGGIKCGENIYMATYPAKWTDIIHAWHGEYKDFKYGVGAVPSDAVIGHYTQIVWYKSYRAGCAAAYCPSSKYSYFYVCQYCPAGNIIGKTATPYKSGPPCGDCPSDCDNGLCTNPCTRENEFTNCDSLVQKSSCQDNYMKSKCPASCFCQNKII,221,Cysteine-Rich Secretory Protein,Protobothrops flavoviridis,['Ion channel blocker'],NCBI
KAK9411069.1,VENOM COMPONENT: cysteine-rich secretory protein-3 [Crotalus adamanteus],MIAFIVLPILAAVLQQSSGSVDFDSESPRKPEIQNKIVDLHNSLRRSVNPTASNMLKMEWYPEAADNAERWAYRCIDSHSPRDSRVLGGIKCGENIYISPVPIKWTEIIHAWHGENKNFKYGIGADPPNAVTGHFTQVIVWYKSYHVGCAAAYCPSSEYSYFYVCQYCPAGNIRGKTATPYKSGPPCGDCPSACDNGLCTNPCTKEDKYSNCKSLVQQAGCQDKQMQSDCSAICFCQNKII,241,Cysteine-Rich Secretory Protein,Crotalus adamanteus,['Ion channel blocker'],NCBI
XP_063147517.1,cysteine-rich venom protein kaouthin-2-like [Candoia aspera],MIALVLLLSLAAVLQQSSGNGHFAAESTSRIEKQKEIVDRHNYLRRTVNPKASNMLQMEWHSNAAKNAKSWADKCSFGHSPANLRTVEKLNCGENLFMSTHPHSWTAVLQSWHDEAKNFQHGIGPRPANAVTGHYTQMVWYNSYRVGCAAVKCPTSKFYYVCHYCPAGNIVTSVAMPYKAGPPCGDCPSACVNGLCTNPCKYQDTYSNCPDLVKDKKCKGDWITRACPASCFCPTEIK,238,Cysteine-Rich Secretory Protein,Candoia aspera,['Ion channel blocker'],NCBI
XP_034288380.1,cysteine-rich venom protein latisemin-like isoform X2 [Pantherophis guttatus],MIAFIVLLSVAAVLQQSPGNADFASESSNKRENQKEIVDKHNALRRSVRPTARNMLQMEWNSNATQNAKRWADRCSFNHSPQHLRTVGKLSCGENLFMSSHPHSWTRVIQAWYNEYKKFRYGVGANPPGSVIGHYTQIVWYKSYLVGCAAARCTSSRFNYFYVCHYCPAGNIVGSIATPYKSGPPCGDCPSACVNGLCTNPCKYENRFSNCESLAKQMGCQSAWIKSNCPASCFCRNEII,240,Cysteine-Rich Secretory Protein,Pantherophis guttatus,['Ion channel blocker'],NCBI
XP_034288379.1,cysteine-rich venom protein latisemin-like isoform X1 [Pantherophis guttatus],MWHEEMIAFIVLLSVAAVLQQSPGNADFASESSNKRENQKEIVDKHNALRRSVRPTARNMLQMEWNSNATQNAKRWADRCSFNHSPQHLRTVGKLSCGENLFMSSHPHSWTRVIQAWYNEYKKFRYGVGANPPGSVIGHYTQIVWYKSYLVGCAAARCTSSRFNYFYVCHYCPAGNIVGSIATPYKSGPPCGDCPSACVNGLCTNPCKYENRFSNCESLAKQMGCQSAWIKSNCPASCFCRNEII,245,Cysteine-Rich Secretory Protein,Pantherophis guttatus,['Ion channel blocker'],NCBI
XP_034288378.1,cysteine-rich venom protein TEL1 [Pantherophis guttatus],MIVFILLSLAAVLQQSFGNVDFDSESPRRQDKQREIVGMHNSFRRSVSPTASNMLKMEWYSEAASNAERWAYRCVLGHSPDTSRILEGIKCGENIYMSSVPLAWTEIIQLWYNEYKNFIYGVGANPEGSVIGHYTQIVWYKSYRIGCAAYYCPSSSYNYFYVCQYCPGGNLKGSTATPYKSGPTCGDCPSACDNGLCTNPCLHKDEFTNCKSLVQQSNCQNDWIRENCPATCFCPTEII,239,Cysteine-Rich Secretory Protein,Pantherophis guttatus,['Ion channel blocker'],NCBI
XP_058020710.1,cysteine-rich venom protein latisemin-like [Ahaetulla prasina],MITFIVLLSVAAVLQQSPGNADFASESSNKRENQKEIVDKHNALRRSVRPTARNMLQMEWSSNAAQNAKRWADKCSFVHSPQHLRTAGRLKCGENLFMSSHPNSWTKVIQAWYDEYKNFKYGIGANPLGSVIGHYTQIAWYKSYLVGCAAARCSSSRYNYFYVCHYCPAGNIIGSIATPYKSGPPCGDCPSACVNGLCTNPCIYENRFSNCDSLAKDIGCQNSFIKSNCPGSCYCRTEII,240,Cysteine-Rich Secretory Protein,Ahaetulla prasina,['Ion channel blocker'],NCBI
XP_058038736.1,cysteine-rich venom protein ophanin-like [Ahaetulla prasina],MIVFILLSLAAVLQQSFGKVDFNSESTRRREKQREIVDMHNSFRRSVSPTASNMLKMDWYDEAATSAEYWASVCAYEHSPDSSRTLNGILCGENIYMSSNPRAWSEVIQSWYDEYKDFIYGVGANPPGSVIGHYTQIVWYNSYLLGCAASYCPSSPYNYFYVCQYCPIGNLRGSTATPYKSGPTCGDCPSACDNGLCTNPCTYKNEYTNCKSLAEQSSCQDDWIQTKCPATCFCPDKII,239,Cysteine-Rich Secretory Protein,Ahaetulla prasina,['Ion channel blocker'],NCBI
KAG8124483.1,putative Cysteine-rich venom protein [Naja naja],MIAFIVLLSLAAVLQQSSGTVDFASESSNKRENQKQIVDKHNALRRSVRPTARNMLQMEWNSNAAQNAKRWADRCSFAHSPPHLRTVGKIGCGENLFMSSQPYAWSRVIQSWYDENKKFVYGVGANPPGSVIGHYTQIVWYNSHLLGCGAAKCSSSKYLYVCQYCPAGNIIGSIATPYKSGPPCGDCPSACVNGLCTNPCKHHNVFELPIFSETKCMPD,219,Cysteine-Rich Secretory Protein,Naja naja,['Ion channel blocker'],NCBI
KAG8124481.1,putative Cysteine-rich venom protein [Naja naja],MIAFSLLCFAAVLQQSFGNVDFNSESTRRKKKQKEIVDLHNSLRRRVSPTASNMLKMEWYPEAASNAERWANTCSLNHSPDNLRVLEGIQCGESIYMSSNARTWTEIIHLWHDEYKNFVYGVGANPPGSMTGHYTQIVWYQTYRAGCAVSYCPSSEWSYFYVCQYCPSGNFQGKTATPYKLGPPCGDCPSACDNGLCTNPCTIYNKLTNCDSLVKQNSCQDDWIKSNCPASCFCRNKII,239,Cysteine-Rich Secretory Protein,Naja naja,['Ion channel blocker'],NCBI
KAG8124480.1,putative Cysteine-rich venom protein [Naja naja],MSSNARAWTEIIQLWHDEYKNFVYGVGANPPGSVTGHYTQNLLPFGEDLEVRSSPSMVLSALSKLETQTRDTKTMQTKGNFEGLTATPYELGPPCGDCPSACDNGVCSTKIEVLFNNGTIQLTNDGKEVGDVIVTSGLAYFIPTMNTTTQVIANFSNDGVKNGKEEGEKDDNADSDTSDEEIEGETNPCKYVNTYSNCESLVNRAGCHIGFVRAHCRATCFCHNKII,227,Cysteine-Rich Secretory Protein,Naja naja,['Ion channel blocker'],NCBI
KAG8124478.1,putative Cysteine-rich venom protein [Naja naja],MIAFSLLCFAAVLQQSFGNVDFNSESTRREEKQKEIVDLHNSLRRSVSPTASNMLKMEWYPEAASSAERWANNCSLHHSPNSWRVLEGIQCGENLYKSSHPHAWSRVIQSLYDEHEYFTYGVGANPPGSMIGHYTQIASYKTYRVGCAANYCPSSEYNYFYVCQYCPSGNIKGLFATPYKSGPPCGDCPSACDNRLCTNPCKFENAFSNCESLVNTTGCHIGFIRTHCPATCSCHNKII,239,Cysteine-Rich Secretory Protein,Naja naja,['Ion channel blocker'],NCBI
KAG8124477.1,"putative Cysteine-rich venom protein, partial [Naja naja]",MFCCSASTVFGNVDFNSESTRREEKQKEIVDLHNSLRRSVSPTASNMLKMEWYPEAASSAERWANNCSLHHSPNSWRVLEGIQCGENLYKSSHPHAWSRVIQSLYDEHEYFTYGVGANPPGSMIGHYTQIAWYKTYRVGCAANYCPSSEYNYFYVCQYCPSYVSTMISIFVTFIASLIRVILIA,184,Cysteine-Rich Secretory Protein,Naja naja,['Ion channel blocker'],NCBI
XP_039185516.1,cysteine-rich venom protein catrin-like [Crotalus tigris],MIAFTVLSILAAVLQQSSGSVDFDSESPRKPEIQNKIVDLHNSLRRSVNPTASNMLKMEWYPDAAANAERWAYRCVETHSPRDSRVLGEIKCGEYIYIYIYIYIYIYIYIYIYIYIYMSSVPIKWTEIIHGWHDENKNFKYGIGADPPNAVTGHFSQIVWYKSYRVGCAAAYCPSSEYSYFYVCQYCPAGNIIGKTATPYKSGPPCGDCPSACDNGLFTNPCTKEDKYTNCKSLVQQAGCQDKKMQSDCSAICFCQNKII,260,Cysteine-Rich Secretory Protein,Crotalus tigris,['Ion channel blocker'],NCBI
XP_039185515.1,cysteine-rich venom protein catrin [Crotalus tigris],MIAFIVLPILAAVLQQSSGSVDFDSESPRKPEIQNKIVDLHNSLRRSVNPTASNMLKMEWYPEAAANAERWAYRCIESHSPRDSRVLEGIKCGENIYMSSVPIKWTEIIHGWHGENKNFKYGIGADPPYAVTGHFTQVVWYKSYRVGCAAAYCPSSEYSYFYVCQYCPAGNIIGKTATPYKSGPPCGDCPSACDNGLCTNPCTKEDKYTNCKSLVQQSGCQTKQMQSDCSAICLCQNKII,240,Cysteine-Rich Secretory Protein,Crotalus tigris,['Ion channel blocker'],NCBI
XP_039204466.1,cysteine-rich venom protein piscivorin-like [Crotalus tigris],MIAFIILPILAAVLQQSSGSVDFDSESPRKPEIQNEIVDLHNSLRRSVNPTASNMLKMEWYPEAAANAERWAYRCIESHSPHDSRILGGINCGENIYKSSVPMKWTEIIHAWHGENKDFKYGIGADPPNAVTGHFTQIVWRKSYRVGCAAAYCPSSEYSYFYVCQYCPAGNIIGKTATP,179,Cysteine-Rich Secretory Protein,Crotalus tigris,['Ion channel blocker'],NCBI
XP_039190751.1,cysteine-rich venom protein catrin-like [Crotalus tigris],MWWSPMENETRMQIVWYKSYRVGCAAAYCPSSEYSYFYVCQYCPAGNIIGKTATPYKSGPPCGDCPSACDNGLFTNPCTKEDKYTNCKSLVQQAGCQDKKMQSDCSAICFCQNKII,116,Cysteine-Rich Secretory Protein,Crotalus tigris,['Ion channel blocker'],NCBI
XP_039190748.1,cysteine-rich venom protein piscivorin-like [Crotalus tigris],MIAFIILPILAAVLQQSSGSVDFDSESPRKPEIQNEIVDLHNSLRRSVNPTASNMLKMEWYPEAAANAERWAYRCIESHSPHDSRILGKSI,91,Cysteine-Rich Secretory Protein,Crotalus tigris,['Ion channel blocker'],NCBI
XP_032069593.1,cysteine-rich venom protein kaouthin-2 [Thamnophis elegans],MIAFIVLLSVAAVLQQSSGDVDFDPESSNKRQSQREIVEKHNALRRSVRPTASNMLQMEWNSNAAQNAKRWADRCTFAHSPGHLRTVGRLGCGENLFMSSHPYSWTRVIQSWYDEYKNFRYGVGANPPGSVIGHFTQIVWYNSYLVGCAAARCSSSRFKYFYVCQYCPAGNIIGSIATPYKSGPPCGDCPSACVNGLCTNPCKHTNTFNNCKSLAAQNGCQSNWMKSNCAASCFCRTEII,240,Cysteine-Rich Secretory Protein,Thamnophis elegans,['Ion channel blocker'],NCBI
XP_032069584.1,cysteine-rich venom protein TEL1-like [Thamnophis elegans],MIVFILLSLAAVLQHSFGDVNFESESPRRKEKQDEIVNMHNSLRRSVSPTASNMLRMEWYPEAASNAERWAYQCFYDHSSENSRILDGIKCGENIFMSSNARTWAEMIQSWYDENKNFVYGVGANPAGSVVGHYTQIVWYKSYRIGCAAAYCPSYPYNYFYVCQYCPAGNMEGLTATPYKSGPSCADCPSACDNGLCTNPCLRENALSNCNELKEKYSCQHDFVRTNCPATCFCQNEII,239,Cysteine-Rich Secretory Protein,Thamnophis elegans,['Ion channel blocker'],NCBI
XP_015678374.1,cysteine-rich venom protein [Protobothrops mucrosquamatus],MGDDFLKATKKLFLRLFKTIEMIAFIVLPILAAVLQQSSGNVDFDSESPRKPEIQNEIIDLHNSLRRSVNPTASNMLKMEWYPEAAANAERWAYRCIESHSSRDSRVIGGIKCGENIYMSPYPAKWTDIIHAWHGEYKDFKYGVGAVPSNAVTGHYTQIVWYKSYRGGCAAAYCPSSKYRYFYVCQYCPAGNMIGKTATPYTSGPPCGDCPSDCDNGLCTNPCTQENTYSNCNSLVQQSSCQDNNMKTKCPASCFCQNKII,261,Cysteine-Rich Secretory Protein,Protobothrops mucrosquamatus,['Ion channel blocker'],NCBI
XP_026568636.1,cysteine-rich venom protein ophanin-like [Pseudonaja textilis],MIAFILLSLATALQQSFGNVDFNSESTRRQEKQKEIVDLHNSLRRSVSPTATNMLKMEWYPEAASSAERWANNCSLHHSPNSSRVLEGIQCGENLYKSSHPHAWSRAIQSLYDEYKYLTYDIGANPPGSLIGPYTQIVWYNSYRIGCAVNYCPSSAYNYFYVCQYCPLGNIKGSIATPYKSGPPCADCPLACDNGLCTNPCKYVDSFWNCESLVNRTGCHIGLIRTHCPATCFCQNKII,239,Cysteine-Rich Secretory Protein,Pseudonaja textilis,['Ion channel blocker'],NCBI
XP_026568634.1,cysteine-rich venom protein pseudechetoxin-like isoform X4 [Pseudonaja textilis],MTEMIAFLVLLSLAAVLQQSSGTVDFASESSNKNDYQKEIVDKHNDLRRSVKPTARNMLQMKWNSRAAQNAKRWANRCTFAHSPPYTRTVGKLRCGENIFMSSQPFAWSGVVQAWYDEVKKFVYGIGAKPPSSVTGHYTQVVWYKSHLLGCASAKCSSTKYLYVCQYCPAGNIVGSIATPYKSGPPCGDCPSACDNGLCKKREKWFRAVKPKLGFPPKLPNVSLHEFER,229,Cysteine-Rich Secretory Protein,Pseudonaja textilis,['Ion channel blocker'],NCBI
XP_026568633.1,cysteine-rich venom protein pseudechetoxin-like isoform X3 [Pseudonaja textilis],MIAFLVLLSLAAVLQQSSGTVDFASESSNKNDYQKEIVDKHNDLRRSVKPTARNMLQMKWNSRAAQNAKRWANRCTFAHSPPYTRTVGKLRCGENIFMSSQPFAWSGVVQAWYDEVKKFVYGIGAKPPSSVTGHYTQVVWYKSHLLGCASAKCSSTKYLYVCQYCPAGNIVGSIATPYKSGPPCGDCPSACDNGLCTNPCKHNDDLSNCKTLVKKHKCQTEWIKSKCPATCFCRTEII,238,Cysteine-Rich Secretory Protein,Pseudonaja textilis,['Ion channel blocker'],NCBI
XP_026568632.1,cysteine-rich venom protein pseudechetoxin-like isoform X2 [Pseudonaja textilis],MTEMIAFLVLLSLAAVLQQSSGTVDFASESSNKNDYQKEIVDKHNDLRRSVKPTARNMLQMKWNSRAAQNAKRWANRCTFAHSPPYTRTVGKLRCGENIFMSSQPFAWSGVVQAWYDEVKKFVYGIGAKPPSSVTGHYTQVVWYKSHLLGCASAKCSSTKYLYVCQYCPAGNIVGSIATPYKSGPPCGDCPSACDNGLCSRITGIMEDGQLSSKTNLGKTTGPPQNETFIHGITRHLELP,240,Cysteine-Rich Secretory Protein,Pseudonaja textilis,['Ion channel blocker'],NCBI
XP_026568631.1,cysteine-rich venom protein pseudechetoxin-like isoform X1 [Pseudonaja textilis],MTEMIAFLVLLSLAAVLQQSSGTVDFASESSNKNDYQKEIVDKHNDLRRSVKPTARNMLQMKWNSRAAQNAKRWANRCTFAHSPPYTRTVGKLRCGENIFMSSQPFAWSGVVQAWYDEVKKFVYGIGAKPPSSVTGHYTQVVWYKSHLLGCASAKCSSTKYLYVCQYCPAGNIVGSIATPYKSGPPCGDCPSACDNGLCTNPCKHNDDLSNCKTLVKKHKCQTEWIKSKCPATCFCRTEII,241,Cysteine-Rich Secretory Protein,Pseudonaja textilis,['Ion channel blocker'],NCBI
XP_026547764.1,"cysteine-rich venom protein-like, partial [Notechis scutatus]",EWNSRAAQNAQRWADRCTFAHSLPHTRTVGKLSCGENIFMSTQPFAWSGVVQDWYDEIKNFVYGIGAKPPGSIIGHYIQVVWYKTHLLGCASAKCSSTKYLYVCQYCPAGNIRGSIATPYKSGPTCGDCPSACVNGLCTNPCKYEDAFTNCNDLVKGTKCQTEWIKSKCPATCFCHNKII,180,Cysteine-Rich Secretory Protein,Notechis scutatus,['Ion channel blocker'],NCBI
XP_026547749.1,cysteine-rich venom protein pseudechetoxin-like [Notechis scutatus],MIAFIVLLSLAAVLQQSSGTVDFASESSNKKDYQKEIVDKHNALRRSVKPTARNMLRMEWNSHAAQNAKRWADRCTFAHSPPHTRTVGKLRCGENIFMSSQPFAWSGVVQAWYDEVKKFVYGIGAKPPGSVIGHYTQVVWYKSHLLGCASAKCSSTKYLYVCQYCPAGNIRGSIATPYKSGPTCGDCPSACVNGLCTNPCKYEDDFSNCKALAKNSKCQTEWIKSKCPAACFCHNKII,238,Cysteine-Rich Secretory Protein,Notechis scutatus,['Ion channel blocker'],NCBI
XP_026549840.1,cysteine-rich venom protein 2-like [Notechis scutatus],MTEMIAFIVLLSLAAVLQQSSGTVCFALCLKVDYQKEIVDKHNAFRRSVKPTARNMLQMVS,61,Cysteine-Rich Secretory Protein,Notechis scutatus,['Ion channel blocker'],NCBI
XP_026549114.1,"cysteine-rich venom protein ophanin-like, partial [Notechis scutatus]",LLLFTSVLIQEWYPEAASSAERWVNNCSLHHSPNSLRVLEGIQCGENLYKSSHPHAWSRAIQSLYDEYKYFTYDIGANPPGSLIGHYTQIVWYNSYRIGCAVNYCPSSAYNYFYVCQYCPSYVSAMISTFVTFIASLIRVILISLEKKKMSLNKILIKCYLQSYTQTKYKAVYHKKNRINANVAVKYGYS,190,Cysteine-Rich Secretory Protein,Notechis scutatus,['Ion channel blocker'],NCBI
XP_026546646.1,LOW QUALITY PROTEIN: cysteine-rich venom protein pseudechetoxin-like [Notechis scutatus],MIAFILLSLAAVLXQSFGNVDFNSESTRRQEKQKEIVDLHNSLRRSVSPAASNMLKMVNNLLPFGEDFRSQVLPFDGAVCSLKTGDPNQRDQDNANKVNYLLILHEGFGNHKCKSNNTILFIFFHSRGNIIGSIATPYKSGPPCADCPSACDNGLCTNTCKYEDVFSNCKILKNRYGYHIDLVRTYCRATCFCHNEII,198,Cysteine-Rich Secretory Protein,Notechis scutatus,['Ion channel blocker'],NCBI
ATU85541.1,"cysteine-rich Venom Protein Moojin, partial [Bothrops moojeni]",MIAFIVLLILAAVLQQSSGSVDFDSESPRKPEIQNEIVDLHNSLRKSVNPTASNMLKMEWYPEAAANAERWAFRCIERHSLPNSRVIRGIKCGENIYMSPIPLKWTEIIHAWHDEYKNFKYGTGAEPPTAVIGHYTQIVWYKSYLAGCAAAYCPSSSYKYFYVCQYCPAGNMRGKTATPYKSGPPCGDCPSACDDGLCTNPCTKEDKFTNCDSMVQSSGCQDRQMQSECPATCFCQNKII,240,Cysteine-Rich Secretory Protein,Bothrops moojeni,['Ion channel blocker'],NCBI
XP_013911769.1,"PREDICTED: cysteine-rich venom protein kaouthin-2-like, partial [Thamnophis sirtalis]",EWNSNAAQNAKRWADRCTFAHSPGHLRTVGRLGCGENLFMSSHPYSWTRVIQSWYDEYKNFRYGVGANPPGSVIGHFTQIVWYNSYLVGCAAARCSSSRFKYFYVCQYCPAGNIIGSIATPYKSGPPCGDCPSACVNGLCMVDEPMQLNQEM,152,Cysteine-Rich Secretory Protein,Thamnophis sirtalis,['Ion channel blocker'],NCBI
XP_013911763.1,PREDICTED: cysteine-rich venom protein TEL1-like [Thamnophis sirtalis],MIVFILLSLAAVLQQSFGDVDFESESPRRREKQDEIVNMHNSLRRSVSPTASNMLRMEWYPEAASNAERWAYQCIYDHSSDDSRILDGIQCGENIFKSSNARTWAEMIQNWYDEYKNFVYGVGANPAGSVVGHYTQIVWYKSYRIGCAAAYCPSYPYSYFYVCQYCPAGNMEGLTATPYKSGPSCADCPSACDNGLCTNPCLRQDKYTNCNSLKEEHTCQHDFVRTNCPATCFCQNEII,239,Cysteine-Rich Secretory Protein,Thamnophis sirtalis,['Ion channel blocker'],NCBI
BAP39957.1,"cysteine-rich venom protein, partial [Protobothrops flavoviridis]",DDFLKATKKLSLLLFKTIEMIAFIVLPILAAVLQQSSGNVDFDSESPRKPEIQNEIIDLHNSLRRSVNPTASNMLKMEWYPEAAANAERWAYRCIESHSSRDSRVIGGIKCGENIYMATYPAKWTDIIHAWHGEYKDFKYGVGAVPSNAVVGHYTQIVWYKSYRAGCAAAYCPSSKYSYFYVCQYCPAGNIIGKTATPYKSGPPCGDCPSDCDNGLCTNPCTRENEFTNCDSLVQKSSCQDNYMKSKCPASCFCQNKII,259,Cysteine-Rich Secretory Protein,Protobothrops flavoviridis,['Ion channel blocker'],NCBI
BAP39923.1,cysteine-rich venom protein [Protobothrops elegans],MIAFIVLPILAAVLQQSSGNVDFDSESPRKPEIQNEIIDLHNSLRRSVNPTASNMLKMEWYPEAAANAERWAYRCIESHSSRDSRVIGGIKCGENIYMSPYPAKWTDIIHAWHGEYKNFKYGVGAVPSNAVTGHYTQIVWYKSYRGGCAAAYCPSSKYRYFYVCQYCPAGNMIGKTATPYTSGPPCGDCPSDCDNGLCTNPCRRENDFTNCDSLVQQSSCQDNYMKTNCFASCFCHNEII,240,Cysteine-Rich Secretory Protein,Protobothrops elegans,['Ion channel blocker'],NCBI
AAL54918.1,cysteine-rich venom protein [Hydrophis hardwickii],MKWNSHAAQNAKRSADRCTFAHSPEHTRTVGKFRCGENIFMSSQPFAWSGVVQAWYDEIKNFVYGIGAKPPGSVIGHYTQIVWYKSHLLGCASAKCSSTKYLYVCQYCPAGNIRSSIATPYKSGPSCGDCPSACVNGLCTNPCEYEDAYTNCNDLVKERKCQTEWIKSQCPATCFCHNKII,181,Cysteine-Rich Secretory Protein,Hydrophis hardwickii,['Ion channel blocker'],NCBI
AAL54896.1,cysteine-rich venom protein precursor [Hydrophis hardwickii],MIAFIVLLSLAAVLQQSSGTVDFASESSNKKDYRREIVDKHNALRRSVKPTARNMLQMKWNSRAAQNAKRSADRCTFAHSPEHTRTVGKFRCGENIFMSSQPFAWSGVVQDWYDEIKNVVDGIGAKPPGSVIGHYTQIVWYKSHLLGCASAKCSSTKYLYVCQYCPAGNISSSIATPYKSGPSCGDCPSACVNGLCTNP,199,Cysteine-Rich Secretory Protein,Hydrophis hardwickii,['Ion channel blocker'],NCBI
AAP20603.1,cysteine-rich venom protein [Naja atra],MIAFIVLLSLAAVLQQSSGTVDFASESSNKRENQKQIVDKHNALRRSVRPTARNMLQMEWNSNAAQNAKRWADRCSFAHSPPHLRTVGKIGCGENLFMSSQPYAWSRVIQSWYDENKKFVYGVGANPPGSVIGHYTQIVWYNSHLLGCGAAKCSSSKYLYVCQYCPTGNIIGSIATPYKSGPPCGDCPSACVNGLCTNPCKHHNVFSNCQSLAKQNACQTEWMKSKCAASCFCRTEII,238,Cysteine-Rich Secretory Protein,Naja atra,['Ion channel blocker'],NCBI
AAP20602.1,cysteine-rich venom protein [Protobothrops jerdonii],MIAFIVLPILAAVLQQSSGNVDFDSESPRKPEIQNEIIDLHNSLRRSVNPTASNMLKMEWYPEAAANAERWAYGCIESHSSRDSRVIEGIKCGENIYMSPYPMKWTDIIHAWHGEYKDFKYGVGAVPSDAVVGHYTQIVWYKSYRIGCAAAYCPSAEYSYFYVCQYCPAGNMIGKTATPYTSGPPCGDCPSDCDNGLCTNPCRQENKFTNCDSLVRQSSCQDNYMKTNCPASCFCHNEII,240,Cysteine-Rich Secretory Protein,Protobothrops jerdonii,['Ion channel blocker'],NCBI
CAP74089.1,cysteine-rich venom protein precursor [Vipera berus],MIAFLVLPILAAVLQQSSGNVDFDSESPRKPEIQNEIIDLHNSLRRSVNPTASNMLKMEWYPEAAANAERWAFRCILSHSPRDSRVIGGIKCGENIYMSTSPMKWTAIIHEWHGEEKDFVYGQGASPANAVVGHYTQIVWYKSYRSGCAAAYCPSSEYKYFYVCQYCPAGNMQGKTATPYTSGPPCGDCPSACDNGLCTNPCTHEDKFTNCKDLVKQGCNNNYLKTNCPASCSCHNEII,239,Cysteine-Rich Secretory Protein,Vipera berus,['Ion channel blocker'],NCBI
CAP74088.1,"cysteine-rich venom protein presursor, partial [Vipera nikolskii]",GNVDFDSESPRKPEIQNEIIDLHNSLRRSVNPTASNMLKMEWYPEAAANAERWAFRCILSHSPRDSRVIGGIKCGENIYMSTSPMKWTAIIHKWHGEEKDFVYGQGASPANAVVGHYTQIVWYKSYRSGCAAAYCPSSEYKYFYVCQYCPAGNMQGKTATPYTSGPPCGDCPSACDNGLCTNPCTHEDKFTNCKDLVKQGCNNNYLKTNCPASCSCHNEII,221,Cysteine-Rich Secretory Protein,Vipera nikolskii,['Ion channel blocker'],NCBI
