id,description,sequence,length,chain_type,species,specificity,source,targeted_toxins,neutralization_effectiveness
9MII_L,"Chain L, 253-7A03 lambda chain Fv",QSALTQPASVSGSPGQSITISCIGTSSDNVSWYQHHPGKAPKLMIYEVDNRPSGVSARFSGSKSGNTASLTISGLQAEDEADYYCSSYEVFGTGTKVTVL,100,Light,Homo sapiens,Unknown,NCBI,,
9MII_H,"Chain H, 253-7A03 heavy chain Fv",QVQLVQSGAEVKKPGASVKVSCKASGYTFDDYYMHWVRQAPGQGLEWMGWMNPKTGGVNYAQRFQGRVTMTRDRSIDTAYMELNSLRSDDTAMYYCARDYGGGYPLDFWGQGTLVTVSS,119,Heavy,Homo sapiens,Unknown,NCBI,,
9MIH_L,"Chain L, 273-4D01 kappa chain Fv",DIQVTQSPSSLSASVGDRVTITCRASQGISNYLAWYQQKPGKVPKLLIYGASTLQSGVPSRFSGSGSGTDFTLTISSLQPEDFATYYCQIYETFGQGTKVDIK,103,Light,Homo sapiens,Unknown,NCBI,,
9MIB_R,"Chain R, 206-9C09 kappa chain Fv",NIQMTQSPSSLSASVGDRVTITCQASQDISNYLNWYQQKPGKAPKLLIYDASNLETGVPSRFSGSGSGTHFTFTISRLQPEDIATYYCQVYETFGQGTKVEIK,103,Light,Homo sapiens,Unknown,NCBI,,
9MIB_P,"Chain P, 206-9C09 heavy chain Fv",QVQVVQSGAEVKKPGASVKVSCKASGYTFTDHYIHWVRQAPGQGLEWMGWINPYRGGTNYAQKFQGRVTMTRDTSINTAYMELSRLRFDDTAVYYCARPKDCSGGSCYDFDYWGQGTLVTVSS,123,Heavy,Homo sapiens,Unknown,NCBI,,
9MIB_N,"Chain N, 206-9C09 kappa chain Fv",NIQMTQSPSSLSASVGDRVTITCQASQDISNYLNWYQQKPGKAPKLLIYDASNLETGVPSRFSGSGSGTHFTFTISRLQPEDIATYYCQVYETFGQGTKVEIK,103,Light,Homo sapiens,Unknown,NCBI,,
9MIB_K,"Chain K, 206-9C09 heavy chain Fv",QVQVVQSGAEVKKPGASVKVSCKASGYTFTDHYIHWVRQAPGQGLEWMGWINPYRGGTNYAQKFQGRVTMTRDTSINTAYMELSRLRFDDTAVYYCARPKDCSGGSCYDFDYWGQGTLVTVSS,123,Heavy,Homo sapiens,Unknown,NCBI,,
9MIB_L,"Chain L, 206-9C09 kappa chain Fv",NIQMTQSPSSLSASVGDRVTITCQASQDISNYLNWYQQKPGKAPKLLIYDASNLETGVPSRFSGSGSGTHFTFTISRLQPEDIATYYCQVYETFGQGTKVEIK,103,Light,Homo sapiens,Unknown,NCBI,,
9MIB_H,"Chain H, 206-9C09 heavy chain Fv",QVQVVQSGAEVKKPGASVKVSCKASGYTFTDHYIHWVRQAPGQGLEWMGWINPYRGGTNYAQKFQGRVTMTRDTSINTAYMELSRLRFDDTAVYYCARPKDCSGGSCYDFDYWGQGTLVTVSS,123,Heavy,Homo sapiens,Unknown,NCBI,,
9MIA_R,"Chain R, 206-3G08 lambda chain Fv",QSALTQPPSASGSPGQSVTISCTGTSSDVGGYNYVSWYQQHPGKAPKVIIYEVSKRPSGVPDRFSGSKSGNTASLTVSGLQADDEADYYCSSYEVFGTGTKVTVL,105,Light,Homo sapiens,Unknown,NCBI,,
9MIA_P,"Chain P, 206-3G08 heavy chain Fv",QVQLVQSGAEVKKPGASVKVSCKASGYTFTGHYMHWVRQAPGQGLEWMGWINPYSSGTNYAQNFQGRVTMTRDTSITTAYMELSRLRSDDTAVYYCARAPDYGDRWDFDYWGQGTLVTVSS,121,Heavy,Homo sapiens,Unknown,NCBI,,
9MIA_N,"Chain N, 206-3G08 lambda chain Fv",QSALTQPPSASGSPGQSVTISCTGTSSDVGGYNYVSWYQQHPGKAPKVIIYEVSKRPSGVPDRFSGSKSGNTASLTVSGLQADDEADYYCSSYEVFGTGTKVTVL,105,Light,Homo sapiens,Unknown,NCBI,,
9MIA_K,"Chain K, 206-3G08 heavy chain Fv",QVQLVQSGAEVKKPGASVKVSCKASGYTFTGHYMHWVRQAPGQGLEWMGWINPYSSGTNYAQNFQGRVTMTRDTSITTAYMELSRLRSDDTAVYYCARAPDYGDRWDFDYWGQGTLVTVSS,121,Heavy,Homo sapiens,Unknown,NCBI,,
9MIA_L,"Chain L, 206-3G08 lambda chain Fv",QSALTQPPSASGSPGQSVTISCTGTSSDVGGYNYVSWYQQHPGKAPKVIIYEVSKRPSGVPDRFSGSKSGNTASLTVSGLQADDEADYYCSSYEVFGTGTKVTVL,105,Light,Homo sapiens,Unknown,NCBI,,
9MIA_H,"Chain H, 206-3G08 heavy chain Fv",QVQLVQSGAEVKKPGASVKVSCKASGYTFTGHYMHWVRQAPGQGLEWMGWINPYSSGTNYAQNFQGRVTMTRDTSITTAYMELSRLRSDDTAVYYCARAPDYGDRWDFDYWGQGTLVTVSS,121,Heavy,Homo sapiens,Unknown,NCBI,,
9MI0_R,"Chain R, 61_12A01 kappa chain Fv",VSVLTQSPGTLSLSPGERATLSCRASQTVGSSYLAWYQQKPGQAPRLLIYGASSRATGIPDRFSGSGSGTDFTLTISRLEPEDFAVYYCQQYEAFGQGTKVEIK,104,Light,Homo sapiens,Unknown,NCBI,,
9MI0_P,"Chain P, 61_12A01 heavy chain Fv",QVQLVQSGAEVKQPGASVKVSCKASGYTFSDHFMHWVRQAPGQGLEWMGWINPKSGGPNYAQKFQGRVTMTRDRSISTAYMELRGLRSDDTAIYYCARPMHDYDDHDWYFDLWGRGTLVTVSS,123,Heavy,Homo sapiens,Unknown,NCBI,,
9MI0_N,"Chain N, 61_12A01 kappa chain Fv",VSVLTQSPGTLSLSPGERATLSCRASQTVGSSYLAWYQQKPGQAPRLLIYGASSRATGIPDRFSGSGSGTDFTLTISRLEPEDFAVYYCQQYEAFGQGTKVEIK,104,Light,Homo sapiens,Unknown,NCBI,,
9MI0_K,"Chain K, 61_12A01 heavy chain Fv",QVQLVQSGAEVKQPGASVKVSCKASGYTFSDHFMHWVRQAPGQGLEWMGWINPKSGGPNYAQKFQGRVTMTRDRSISTAYMELRGLRSDDTAIYYCARPMHDYDDHDWYFDLWGRGTLVTVSS,123,Heavy,Homo sapiens,Unknown,NCBI,,
9MI0_L,"Chain L, 61_12A01 kappa chain Fv",VSVLTQSPGTLSLSPGERATLSCRASQTVGSSYLAWYQQKPGQAPRLLIYGASSRATGIPDRFSGSGSGTDFTLTISRLEPEDFAVYYCQQYEAFGQGTKVEIK,104,Light,Homo sapiens,Unknown,NCBI,,
9MI0_H,"Chain H, 61_12A01 heavy chain Fv",QVQLVQSGAEVKQPGASVKVSCKASGYTFSDHFMHWVRQAPGQGLEWMGWINPKSGGPNYAQKFQGRVTMTRDRSISTAYMELRGLRSDDTAIYYCARPMHDYDDHDWYFDLWGRGTLVTVSS,123,Heavy,Homo sapiens,Unknown,NCBI,,
9CU6_K,"Chain K, 35O22 light chain Fv",QSVLTQSASVSGSLGQSVTISCTGPNSVCCSHKSISWYQWPPGRAPTLIIYEDNERAPGISPRFSGYKSYWSAYLTISDLRPEDETTYYCCSYTHNSGCVFGTGTKVSVLGQSK,114,Light,Homo sapiens,Unknown,NCBI,,
9CU6_J,"Chain J, 35O22 heavy chain Fv",QGQLVQSGAELKKPGASVKISCKTSGYRFNFYHINWIRQTAGRGPEWMGWISPYSGDKNLAPAFQDRVIMTTDTEVPVTSFTSTGAAYMEIRNLKFDDTGTYFCAKGLLRDGSSTWLPYLWGQGTLLTVSS,131,Heavy,Homo sapiens,Unknown,NCBI,,
9CU6_G,"Chain G, 35O22 light chain Fv",QSVLTQSASVSGSLGQSVTISCTGPNSVCCSHKSISWYQWPPGRAPTLIIYEDNERAPGISPRFSGYKSYWSAYLTISDLRPEDETTYYCCSYTHNSGCVFGTGTKVSVLGQSK,114,Light,Homo sapiens,Unknown,NCBI,,
9CU6_F,"Chain F, 35O22 heavy chain Fv",QGQLVQSGAELKKPGASVKISCKTSGYRFNFYHINWIRQTAGRGPEWMGWISPYSGDKNLAPAFQDRVIMTTDTEVPVTSFTSTGAAYMEIRNLKFDDTGTYFCAKGLLRDGSSTWLPYLWGQGTLLTVSS,131,Heavy,Homo sapiens,Unknown,NCBI,,
9CU6_E,"Chain E, 35O22 light chain Fv",QSVLTQSASVSGSLGQSVTISCTGPNSVCCSHKSISWYQWPPGRAPTLIIYEDNERAPGISPRFSGYKSYWSAYLTISDLRPEDETTYYCCSYTHNSGCVFGTGTKVSVLGQSK,114,Light,Homo sapiens,Unknown,NCBI,,
9CU6_D,"Chain D, 35O22 heavy chain Fv",QGQLVQSGAELKKPGASVKISCKTSGYRFNFYHINWIRQTAGRGPEWMGWISPYSGDKNLAPAFQDRVIMTTDTEVPVTSFTSTGAAYMEIRNLKFDDTGTYFCAKGLLRDGSSTWLPYLWGQGTLLTVSS,131,Heavy,Homo sapiens,Unknown,NCBI,,
9CU5_K,"Chain K, 35O22 light chain Fv",QSVLTQSASVSGSLGQSVTISCTGPNSVCCSHKSISWYQWPPGRAPTLIIYEDNERAPGISPRFSGYKSYWSAYLTISDLRPEDETTYYCCSYTHNSGCVFGTGTKVSVLGQSK,114,Light,Homo sapiens,Unknown,NCBI,,
9CU5_J,"Chain J, 35O22 heavy chain Fv",QGQLVQSGAELKKPGASVKISCKTSGYRFNFYHINWIRQTAGRGPEWMGWISPYSGDKNLAPAFQDRVIMTTDTEVPVTSFTSTGAAYMEIRNLKFDDTGTYFCAKGLLRDGSSTWLPYLWGQGTLLTVSS,131,Heavy,Homo sapiens,Unknown,NCBI,,
9CU5_G,"Chain G, 35O22 light chain Fv",QSVLTQSASVSGSLGQSVTISCTGPNSVCCSHKSISWYQWPPGRAPTLIIYEDNERAPGISPRFSGYKSYWSAYLTISDLRPEDETTYYCCSYTHNSGCVFGTGTKVSVLGQSK,114,Light,Homo sapiens,Unknown,NCBI,,
9CU5_F,"Chain F, 35O22 heavy chain Fv",QGQLVQSGAELKKPGASVKISCKTSGYRFNFYHINWIRQTAGRGPEWMGWISPYSGDKNLAPAFQDRVIMTTDTEVPVTSFTSTGAAYMEIRNLKFDDTGTYFCAKGLLRDGSSTWLPYLWGQGTLLTVSS,131,Heavy,Homo sapiens,Unknown,NCBI,,
9CU5_E,"Chain E, 35O22 light chain Fv",QSVLTQSASVSGSLGQSVTISCTGPNSVCCSHKSISWYQWPPGRAPTLIIYEDNERAPGISPRFSGYKSYWSAYLTISDLRPEDETTYYCCSYTHNSGCVFGTGTKVSVLGQSK,114,Light,Homo sapiens,Unknown,NCBI,,
9CU5_D,"Chain D, 35O22 heavy chain Fv",QGQLVQSGAELKKPGASVKISCKTSGYRFNFYHINWIRQTAGRGPEWMGWISPYSGDKNLAPAFQDRVIMTTDTEVPVTSFTSTGAAYMEIRNLKFDDTGTYFCAKGLLRDGSSTWLPYLWGQGTLLTVSS,131,Heavy,Homo sapiens,Unknown,NCBI,,
9B7V_L,"Chain L, Fab3-5 light chain",DIQMTQSPSSLSASVGDRVTITCRTSQSISRYLNWYQQKPGKAPKLLIYAASSLQSGVPSRFTGSGSGTDFTLTISSLQPEDFATYYCQQSYSIPPVTFGQGTRVD,106,Light,Homo sapiens,Unknown,NCBI,,
9B7V_H,"Chain H, Fab3-5 heavy chain",EVQLVESGGGLVQPGGSLRLSCAASGFTFSNYGMNWVRQAPGKGLEWVSYISSGGTIYYADSVKGRFTISRDNAKNSVYLQMNSLRAEDTAVYYCARDPAYCGDDCYTIPAHYFDYWGQGTPVTVS,126,Heavy,Homo sapiens,Unknown,NCBI,,
9B7R_L,"Chain L, Fab3-1 light chain",EIVMTQSPATLSVSPGDRATLSCRASQSVSSKLAWYQQKPGQAPRLLIYAASTRATGIPARFSGSGSGTEFTLTISSLQSEDFAVYYCQQYNYWPPITFGQGTRL,105,Light,Homo sapiens,Unknown,NCBI,,
9B7R_H,"Chain H, Fab3-1 heavy chain",EVQLLESGGGLVQPGGSLRLSCEASGFTFSRYPMNWVRQAPGKGLEWVSHISASGGTTYYADTVKGRFSISRDNSKNTLYLEMNSLRAEDTAIYFCAKDYPPDEVTMIVVGMPYFDSWGLGTLVSVSS,128,Heavy,Homo sapiens,Unknown,NCBI,,
8U9Y_N,"Chain N, HC84.26 heavy chain",METDTLLLWVLLLWVPGSTGDQVQPVQSGAEVKKPGSSVKVSCEASGGTHSNYVITWVRQAPGQGLEWMGGFIPDFRTAMYAQGFQGRVTITADESTSLAYMELTNLRSEDTAVYYCARGPLSRGYYDYWGPGTLVTVSASTKGPSVFPLAPSSKSTSGGTAALGCLVKDYFPEPVTVSWNSGALTSGVHTFPAVLQSSGLYSLSSVVTVPSSSLGTQTYICNVNHKPSNTKVDKRVEPKSCDKTAGWSHPQFEK,255,Heavy,Homo sapiens,Unknown,NCBI,,
8U9Y_M,"Chain M, HC84.26 light chain",METDTLLLWVLLLWVPGSTGDSYVLTQPPSVSVAPGQTASITCSGDKLGDKYVSWYQQRPGQSPVLVLYQDSKRPSGIPERFSGSNSGNTATLTISGTQAMDEADYYCQAWDSSALVFGGGTKLTVLRTVAAPSVFIFPPSDEQLKSGTASVVCLLNNFYPREAKVQWKVDNALQSGNSQESVTEQDSKDSTYSLSSTLTLSKADYEKHKVYACEVTHQGLSSPVTKSFNRGEC,234,Light,Homo sapiens,Unknown,NCBI,,
8U9Y_F,"Chain F, HC84.26 light chain",METDTLLLWVLLLWVPGSTGDSYVLTQPPSVSVAPGQTASITCSGDKLGDKYVSWYQQRPGQSPVLVLYQDSKRPSGIPERFSGSNSGNTATLTISGTQAMDEADYYCQAWDSSALVFGGGTKLTVLRTVAAPSVFIFPPSDEQLKSGTASVVCLLNNFYPREAKVQWKVDNALQSGNSQESVTEQDSKDSTYSLSSTLTLSKADYEKHKVYACEVTHQGLSSPVTKSFNRGEC,234,Light,Homo sapiens,Unknown,NCBI,,
8U9Y_E,"Chain E, HC84.26 heavy chain",METDTLLLWVLLLWVPGSTGDQVQPVQSGAEVKKPGSSVKVSCEASGGTHSNYVITWVRQAPGQGLEWMGGFIPDFRTAMYAQGFQGRVTITADESTSLAYMELTNLRSEDTAVYYCARGPLSRGYYDYWGPGTLVTVSASTKGPSVFPLAPSSKSTSGGTAALGCLVKDYFPEPVTVSWNSGALTSGVHTFPAVLQSSGLYSLSSVVTVPSSSLGTQTYICNVNHKPSNTKVDKRVEPKSCDKTAGWSHPQFEK,255,Heavy,Homo sapiens,Unknown,NCBI,,
9CLP_L,"Chain L, H11 Fab light chain",QSALTQPASVSGSPGQSITISCTGTSSDVGGYNYVSWYQQHPGKAPKLMIYEVSNRPSGVSNRFSGSKSGNTASLTISGLQAEDEADYYCSSYTSSSTLVVFGGGTKLTVLGQPKAAPSVTLFPPSSEELQANKATLVCLISDFYPGAVTVAWKADSSPVKAGVETTTPSKQSNNKYAASSYLSLTPEQWKSHKSYSCQVTHEGSTVEKTVAPTECS,217,Light,Homo sapiens,Unknown,NCBI,,
9CLP_H,"Chain H, H11 Fab heavy chain",QVQLVQSGAEVKKPGASVKVSCKASGYTFTGYYMHWVRQAPGQGLEWMGWINPNSGGTNYAQKFQGRVTMTRDTSISTAYMELSRLRSDDTAVYYCAREWDDDDFSFDYWGQGTLVTVSSASTKGPSVFPLAPSSKSTSGGTAALGCLVKDYFPEPVTVSWNSGALTSGVHTFPAVLQSSGLYSLSSVVTVPSSSLGTQTYICNVNHKPSNTKVDKK,217,Heavy,Homo sapiens,Unknown,NCBI,,
9CLP_C,"Chain C, Endogenous peptide",XXXXXXX,7,Unknown,Homo sapiens,Unknown,NCBI,,
8TO9_Z,"Chain Z, Envelope glycoprotein gp41",AVGLGAVFLGFLGAAGSTMGAASNTLTVQARQLLSGIVQQQSNLLRAPEAQQHMLQLGVWGFKQLQARVLAIERYLEVQQLLGIWGCSGKLICCTAVPWNSSWSNKSQEDIWDNMTWMQWDREIGNYTDTIYRLLEESQFQQEINEKDLLALD,153,Unknown,Homo sapiens,Unknown,NCBI,,
8TO9_J,"Chain J, Envelope glycoprotein gp41",AVGLGAVFLGFLGAAGSTMGAASNTLTVQARQLLSGIVQQQSNLLRAPEAQQHMLQLGVWGFKQLQARVLAIERYLEVQQLLGIWGCSGKLICCTAVPWNSSWSNKSQEDIWDNMTWMQWDREIGNYTDTIYRLLEESQFQQEINEKDLLALD,153,Unknown,Homo sapiens,Unknown,NCBI,,
8TO9_I,"Chain I, Envelope glycoprotein gp41",AVGLGAVFLGFLGAAGSTMGAASNTLTVQARQLLSGIVQQQSNLLRAPEAQQHMLQLGVWGFKQLQARVLAIERYLEVQQLLGIWGCSGKLICCTAVPWNSSWSNKSQEDIWDNMTWMQWDREIGNYTDTIYRLLEESQFQQEINEKDLLALD,153,Unknown,Homo sapiens,Unknown,NCBI,,
8TO9_C,"Chain C, Envelope glycoprotein gp120",NLWVTVYYGVPVWKEAKTTLFCASDAKAYEKEVHNVWATHACVPTDPNPQEMVLENVTENFNMWKNDMVDQMHEDIISLWDQSLKPCVKLTPLCVTLNCTNVNVTNTNNNNMKEEMKNCSFNTTTEIRDKKQKEYALFYRLDIVPLNENSSEYRLINCNTSTITQICPKVSFDPIPIHYCAPAGYAILKCNNKTFNGTGPCNNVSTVQCTHGIKPVVSTQLLLNGSLAEEEIIIRSENLTDNAKTIIVHLNESVEINCTRPNNMTRKSIRIGPGQTFYALGDIIGDIRQPHCNISEAKWNKTLQRVKKKLKEHFPNKTIKFAPSSGGDLEITTHSFNCRGEFFYCNTSKLFNSTYNNTTSNSTITLPCRIKQIINMWQEVGRAMYAPPIAGNITCKSNITGLLLTRDGGNNNNNTETFRPGGGDMRDNWRSELYKYKVVEIKPLGIAPTKCKRRVVERRRRRR,463,Unknown,Homo sapiens,Unknown,NCBI,,
8TO9_B,"Chain B, Envelope glycoprotein gp120",NLWVTVYYGVPVWKEAKTTLFCASDAKAYEKEVHNVWATHACVPTDPNPQEMVLENVTENFNMWKNDMVDQMHEDIISLWDQSLKPCVKLTPLCVTLNCTNVNVTNTNNNNMKEEMKNCSFNTTTEIRDKKQKEYALFYRLDIVPLNENSSEYRLINCNTSTITQICPKVSFDPIPIHYCAPAGYAILKCNNKTFNGTGPCNNVSTVQCTHGIKPVVSTQLLLNGSLAEEEIIIRSENLTDNAKTIIVHLNESVEINCTRPNNMTRKSIRIGPGQTFYALGDIIGDIRQPHCNISEAKWNKTLQRVKKKLKEHFPNKTIKFAPSSGGDLEITTHSFNCRGEFFYCNTSKLFNSTYNNTTSNSTITLPCRIKQIINMWQEVGRAMYAPPIAGNITCKSNITGLLLTRDGGNNNNNTETFRPGGGDMRDNWRSELYKYKVVEIKPLGIAPTKCKRRVVERRRRRR,463,Unknown,Homo sapiens,Unknown,NCBI,,
8TO9_A,"Chain A, Envelope glycoprotein gp120",NLWVTVYYGVPVWKEAKTTLFCASDAKAYEKEVHNVWATHACVPTDPNPQEMVLENVTENFNMWKNDMVDQMHEDIISLWDQSLKPCVKLTPLCVTLNCTNVNVTNTNNNNMKEEMKNCSFNTTTEIRDKKQKEYALFYRLDIVPLNENSSEYRLINCNTSTITQICPKVSFDPIPIHYCAPAGYAILKCNNKTFNGTGPCNNVSTVQCTHGIKPVVSTQLLLNGSLAEEEIIIRSENLTDNAKTIIVHLNESVEINCTRPNNMTRKSIRIGPGQTFYALGDIIGDIRQPHCNISEAKWNKTLQRVKKKLKEHFPNKTIKFAPSSGGDLEITTHSFNCRGEFFYCNTSKLFNSTYNNTTSNSTITLPCRIKQIINMWQEVGRAMYAPPIAGNITCKSNITGLLLTRDGGNNNNNTETFRPGGGDMRDNWRSELYKYKVVEIKPLGIAPTKCKRRVVERRRRRR,463,Unknown,Homo sapiens,Unknown,NCBI,,
9CLP_L,"Chain L, H11 Fab light chain",QSALTQPASVSGSPGQSITISCTGTSSDVGGYNYVSWYQQHPGKAPKLMIYEVSNRPSGVSNRFSGSKSGNTASLTISGLQAEDEADYYCSSYTSSSTLVVFGGGTKLTVLGQPKAAPSVTLFPPSSEELQANKATLVCLISDFYPGAVTVAWKADSSPVKAGVETTTPSKQSNNKYAASSYLSLTPEQWKSHKSYSCQVTHEGSTVEKTVAPTECS,217,Light,Homo sapiens,Snake venom,NCBI,['General antivenom'],Unknown
9CLP_H,"Chain H, H11 Fab heavy chain",QVQLVQSGAEVKKPGASVKVSCKASGYTFTGYYMHWVRQAPGQGLEWMGWINPNSGGTNYAQKFQGRVTMTRDTSISTAYMELSRLRSDDTAVYYCAREWDDDDFSFDYWGQGTLVTVSSASTKGPSVFPLAPSSKSTSGGTAALGCLVKDYFPEPVTVSWNSGALTSGVHTFPAVLQSSGLYSLSSVVTVPSSSLGTQTYICNVNHKPSNTKVDKK,217,Heavy,Homo sapiens,Snake venom,NCBI,['General antivenom'],Unknown
9CLP_C,"Chain C, Endogenous peptide",XXXXXXX,7,Unknown,Homo sapiens,Snake venom,NCBI,['General antivenom'],Unknown
NP_000602.1,CD59 glycoprotein preproprotein [Homo sapiens],MGIQGGSVLFGLLLVLAVFCHSGHSLQCYNCPNPTADCKTAVNCSSDFDACLITKAGLQVYNKCWKFEHCNFNDVTTRLRENELTYYCCKKDLCNFNEQLENGGTSLSEKTVLLLVTPFLAAAWSLHP,128,Unknown,Homo sapiens,Snake venom,NCBI,['General antivenom'],Unknown
NP_001265042.1,disintegrin and metalloproteinase domain-containing protein 2 isoform 2 precursor [Homo sapiens],MWRVLFLLSGLGGLRMDSNFDSLPVQITVPEKIRSIIKEGIESQASYKIVIEGKPYTVNLMQKNFLPHNFRVYSYSGTGIMKPLDQDFQNFCHYQGYIEGYPKSVVMVSTCTGLRGVLQFENVSYGIEPLESSVGFEHVIYQVKHKKADVSLYNEKDIESRDLSFKLQSVEYNHMGSDTTVVAQKVFQLIGLTNAIFVSFNITIILSSLELWIDENKIATTGEANELLHTFLRWKTSYLVLRPHDVAFLLVYREKSNYVGATFQGKMCDANYAGGVVLHPRTISLESLAVILAQLLSLSMGITYDDINKCQCSGAVCIMNPEAIHFSGVKIFSNCSFEDFAHFISKQKSQCLHNQPRLDPFFKQQAVCGNAKLEAGEECDCGTEQDCALIGETCCDIATCRFKAGSNCAEGPCCENCLFMSKERMCRPSFEECDLPEYCNGSSASCPENHYVQTGHPCGLNQWICIDGVCMSGDKQCTDTFGKEVEFGPSECYSHLNSKTDVSGNCGISDSGYTQCEADNLQCGKLICKYVGKFLLQIPRATIIYANISGHLCIAVEFASDHADSQKMWIKDGTSCGSNKVCRNQRCVSSSYLGYDCTTDKCNDRGVCNNKKHCHCSASYLPPDCSVQSDLWPGGSIDSGNFPPVAIPARLPERRYIENIYHSKPMRWPFFLFIPFFIIFCVLIAIMVKVNFQRKKWRTEDYSSDEQPESESEPKG,716,Unknown,Homo sapiens,Snake venom,NCBI,"['Snake Venom Metalloproteinase', 'Disintegrin']",Unknown
P13987.1,RecName: Full=CD59 glycoprotein; AltName: Full=1F5 antigen; AltName: Full=20 kDa homologous restriction factor; Short=HRF-20; Short=HRF20; AltName: Full=MAC-inhibitory protein; Short=MAC-IP; AltName: Full=MEM43 antigen; AltName: Full=Membrane attack complex inhibition factor; Short=MACIF; AltName: Full=Membrane inhibitor of reactive lysis; Short=MIRL; AltName: Full=Protectin; AltName: CD_antigen=CD59; Flags: Precursor,MGIQGGSVLFGLLLVLAVFCHSGHSLQCYNCPNPTADCKTAVNCSSDFDACLITKAGLQVYNKCWKFEHCNFNDVTTRLRENELTYYCCKKDLCNFNEQLENGGTSLSEKTVLLLVTPFLAAAWSLHP,128,Unknown,Homo sapiens,Snake venom,NCBI,['General antivenom'],Unknown
NP_001424713.1,disintegrin and metalloproteinase domain-containing protein 2 isoform 4 precursor [Homo sapiens],MWRVLFLLSGLGGLRMDSNFDSLPVQITVPEKIRSIIKEGIESQASYKIVIEGKPYTVNLMQKNFLPHNFRVYSYSGTGIMKPLDQDFQNFCHYQGYIEGYPKSVVMVSTCTGLRGVLQFENVSYGIEPLESSVGFEHVIYQVKHKKADVSLYNEKDIESRDLSFKLQSVEHPRTISLESLAVILAQLLSLSMGITYDDINKCQCSGAVCIMNPEAIHFSGVKIFSNCSFEDFAHFISKQKSQCLHNQPRLDPFFKQQAVCGNAKLEAGEECDCGTEQDCALIGETCCDIATCRFKAGSNCAEGPCCENCLFMSKERMCRPSFEECDLPEYCNGSSASCPENHYVQTGHPCGLNQWICIDGVCMSGDKQCTDTFGKEVEFGPSECYSHLNSKTDVSGNCGISDSGYTQCEADGHLCIAVEFASDHADSQKMWIKDGTSCGSNKVCRNQRCVSSSYLGYDCTTDKCNDRGVCNNKKHCHCSASYLPPDCSVQSDLWPGGSIDSGNFPPVAIPARLPERRYIENIYHSKPMRWPFFLFIPFFIIFCVLIAIMVKVNFQRKKWRTEDYSSDEQPESESEPKG,579,Unknown,Homo sapiens,Snake venom,NCBI,"['Snake Venom Metalloproteinase', 'Disintegrin']",Unknown
Q9HCN6.4,RecName: Full=Platelet glycoprotein VI; Short=GPVI; AltName: Full=Glycoprotein 6; Flags: Precursor,MSPSPTALFCLGLCLGRVPAQSGPLPKPSLQALPSSLVPLEKPVTLRCQGPPGVDLYRLEKLSSSRYQDQAVLFIPAMKRSLAGRYRCSYQNGSLWSLPSDQLELVATGVFAKPSLSAQPGPAVSSGGDVTLQCQTRYGFDQFALYKEGDPAPYKNPERWYRASFPIITVTAAHSGTYRCYSFSSRDPYLWSAPSDPLELVVTGTSVTPSRLPTEPPSPVAEFSEATAELTVSFTNEVFTTETSRSITASPKESDSPAGPARQYYTKGNLVRICLGAVILIILAGFLAEDWHSRRKRLRHRGRAVQRPLPPLPPLPLTRKSNGGQDGGRQDVHSRGLCS,339,Unknown,Homo sapiens,Snake venom,NCBI,['General antivenom'],Unknown
P00740.2,RecName: Full=Coagulation factor IX; AltName: Full=Christmas factor; AltName: Full=Plasma thromboplastin component; Short=PTC; Contains: RecName: Full=Coagulation factor IXa light chain; Contains: RecName: Full=Coagulation factor IXa heavy chain; Flags: Precursor,MQRVNMIMAESPGLITICLLGYLLSAECTVFLDHENANKILNRPKRYNSGKLEEFVQGNLERECMEEKCSFEEAREVFENTERTTEFWKQYVDGDQCESNPCLNGGSCKDDINSYECWCPFGFEGKNCELDVTCNIKNGRCEQFCKNSADNKVVCSCTEGYRLAENQKSCEPAVPFPCGRVSVSQTSKLTRAETVFPDVDYVNSTEAETILDNITQSTQSFNDFTRVVGGEDAKPGQFPWQVVLNGKVDAFCGGSIVNEKWIVTAAHCVETGVKITVVAGEHNIEETEHTEQKRNVIRIIPHHNYNAAINKYNHDIALLELDEPLVLNSYVTPICIADKEYTNIFLKFGSGYVSGWGRVFHKGRSALVLQYLRVPLVDRATCLRSTKFTIYNNMFCAGFHEGGRDSCQGDSGGPHVTEVEGTSFLTGIISWGEECAMKGKYGIYTKVSRYVNWIKEKTKLT,461,Heavy,Homo sapiens,Snake venom,NCBI,['General antivenom'],Unknown
1CDQ_A,"Chain A, CD59",LQCYNCPNPTADCKTAVNCSSDFDACLITKAGLQVYNKCWKFEHCNFNDVTTRLRENELTYYCCKKDLCNFNEQLEN,77,Unknown,Homo sapiens,Snake venom,NCBI,['General antivenom'],Unknown
6ION_A,"Chain A, Ly6/PLAUR domain-containing protein 3",LECYSCVQKADDGCSPNKMKTVKCAPGVDVCTEAVGAVETIHGQFSLAVRGCGSGLPGKNDRGLDLHGLLAFIQLQQCAQDRCNAKLNLTSRALDPAGNESAYPPNGVECYSCVGLSREACQGTSPPVVSCYNASDHVYKGCFDGNVTLTAANVTVSLPVRGCVQDEFCTRDGVTGPGFTLSGSCCQGSRCNSDLRNKTYF,201,Unknown,Homo sapiens,Snake venom,NCBI,['General antivenom'],Unknown
6IOM_B,"Chain B, Ly6/PLAUR domain-containing protein 3",LECYSCVQKADDGCSPNKMKTVKCAPGVDVCTEAVGAVETIHGQFSLAVRGCGSGLPGKNDRGLDLHGLLAFIQLQQCAQDRCNAKLNLTSRALDPAGNESAYPPNGVECYSCVGLSREACQGTSPPVVSCYNASDHVYKGCFDGNVTLTAANVTVSLPVRGCVQDEFCTRDGVTGPGFTLSGSCCQGSRCNSDLRNKTYF,201,Unknown,Homo sapiens,Snake venom,NCBI,['General antivenom'],Unknown
6IOM_A,"Chain A, Ly6/PLAUR domain-containing protein 3",LECYSCVQKADDGCSPNKMKTVKCAPGVDVCTEAVGAVETIHGQFSLAVRGCGSGLPGKNDRGLDLHGLLAFIQLQQCAQDRCNAKLNLTSRALDPAGNESAYPPNGVECYSCVGLSREACQGTSPPVVSCYNASDHVYKGCFDGNVTLTAANVTVSLPVRGCVQDEFCTRDGVTGPGFTLSGSCCQGSRCNSDLRNKTYF,201,Unknown,Homo sapiens,Snake venom,NCBI,['General antivenom'],Unknown
1CDS_A,"Chain A, CD59",LQCYNCPNPTADCKTAVNCSSDFDACLITKAGLQVYNKCWKFEHCNFNDVTTRLRENELTYYCCKKDLCNFNEQLEN,77,Unknown,Homo sapiens,Snake venom,NCBI,['General antivenom'],Unknown
NP_001265043.1,disintegrin and metalloproteinase domain-containing protein 2 isoform 3 precursor [Homo sapiens],MWRVLFLLSGLGGLRMDSNFDSLPVQITVPEKIRSIIKEGIESQASYKIVIEGKPYTVNLMQKNFLPHNFRVYSYSGTGIMKPLDQDFQNFCHYQGYIEGYPKSVVMVSTCTGLRGVLQFENVSYGIEPLESSVGFEHVIYQVKHKKADVSLYNEKDIESRDLSFKLQSVEPQQDFAKYIEMHVIVEKQLYNHMGSDTTVVAQKVFQLIGLTNAIFVSFNITIILSSLELWIDENKIATTGEANELLHTFLRWKTSYLVLRPHDVAFLLVYREKSNYVGATFQGKMCDANYAGGVVLHPRTISLESLAVILAQLLSLSMGITYDDINKCQCSGAVCIMNPEAIHFSGVKIFSNCSFEDFAHFISKQKSQCLHNQPRLDPFFKQQAVCGNAKLEAGEECDCGTEQDCALIGETCCDIATCRFKAGSNCAEGPCCENCLFMSKERMCRPSFEECDLPEYCNGSSASCPENHYVQTGHPCGLNQWICIDGVCMSGDKQCTDTFGKEVEFGPSECYSHLNSKTDVSGNCGISDSGYTQCEVCRNQRCVSSSYLGYDCTTDKCNDRGVCNNKKHCHCSASYLPPDCSVQSDLWPGGSIDSGNFPPVAIPARLPERRYIENIYHSKPMRWPFFLFIPFFIIFCVLIAIMVKVNFQRKKWRTEDYSSDEQPESESEPKG,672,Unknown,Homo sapiens,Snake venom,NCBI,"['Snake Venom Metalloproteinase', 'Disintegrin']",Unknown
NP_001455.3,disintegrin and metalloproteinase domain-containing protein 2 isoform 1 preproprotein [Homo sapiens],MWRVLFLLSGLGGLRMDSNFDSLPVQITVPEKIRSIIKEGIESQASYKIVIEGKPYTVNLMQKNFLPHNFRVYSYSGTGIMKPLDQDFQNFCHYQGYIEGYPKSVVMVSTCTGLRGVLQFENVSYGIEPLESSVGFEHVIYQVKHKKADVSLYNEKDIESRDLSFKLQSVEPQQDFAKYIEMHVIVEKQLYNHMGSDTTVVAQKVFQLIGLTNAIFVSFNITIILSSLELWIDENKIATTGEANELLHTFLRWKTSYLVLRPHDVAFLLVYREKSNYVGATFQGKMCDANYAGGVVLHPRTISLESLAVILAQLLSLSMGITYDDINKCQCSGAVCIMNPEAIHFSGVKIFSNCSFEDFAHFISKQKSQCLHNQPRLDPFFKQQAVCGNAKLEAGEECDCGTEQDCALIGETCCDIATCRFKAGSNCAEGPCCENCLFMSKERMCRPSFEECDLPEYCNGSSASCPENHYVQTGHPCGLNQWICIDGVCMSGDKQCTDTFGKEVEFGPSECYSHLNSKTDVSGNCGISDSGYTQCEADNLQCGKLICKYVGKFLLQIPRATIIYANISGHLCIAVEFASDHADSQKMWIKDGTSCGSNKVCRNQRCVSSSYLGYDCTTDKCNDRGVCNNKKHCHCSASYLPPDCSVQSDLWPGGSIDSGNFPPVAIPARLPERRYIENIYHSKPMRWPFFLFIPFFIIFCVLIAIMVKVNFQRKKWRTEDYSSDEQPESESEPKG,735,Unknown,Homo sapiens,Snake venom,NCBI,"['Snake Venom Metalloproteinase', 'Disintegrin']",Unknown
8SXP_H,"Chain H, 95Mat5 Fab heavy chain",EVQLVQSGAEVKKPGSSVKVSCKASGGTFSSYAISWVRQAPGQGLEWMGGYIPIFGTANYAQKFQGRVTITADESTSTAYMELSSLRSEDTAVYYCARIPLRWYESGPYESGVFDYWGQGTLVTVSSASTKGPSVFPLAPSSKSTSGGTAALGCLVKDYFPEPVTVSWNSGALTSGVHTFPAVLQSSGLYSLSSVVTVPSSSLGTQTYICNVNHKPSNTKVDKKVEPK,228,Heavy,Homo sapiens,Snake venom,NCBI,['General antivenom'],Unknown
8SXP_L,"Chain L, 95Mat5 Fab light chain",DIQMTQSPSSLSASVGDRVTITCRASQSISSYLNWYQQKPGKAPKLLIYDASSLQSGVPSRFSGSGSGTDFTLTISSLQPEDFATYYCQQSYSTPYTFGQGTKLEIKRTVAAPSVFIFPPSDEQLKSGTASVVCLLNNFYPREAKVQWKVDNALQSGNSQESVTEQDSKDSTYSLSSTLTLSKADYEKHKVYACEVTHQGLSSPVTKSFNRG,212,Light,Homo sapiens,Snake venom,NCBI,['General antivenom'],Unknown
4V1D_E,"Chain E, SINGLE CHAIN ANTIBODY FRAGMENT RU1, LIGHT CHAIN",GGGGSGGGGSGGGGSNFMLTQPHSASGTPGQRVTISCSGSSSNIGSNTVNWYRHLPGSAPELLIGSHNQRPSGVPDRFSASKSDTSASLAISGLQSEDEADYYCAAWDDSLIGYVFGTGTKLTVLGAAAEQKLISEEDLNGAAHHHHHH,149,Light,Homo sapiens,Snake venom,NCBI,['General antivenom'],Unknown
4V1D_D,"Chain D, SINGLE CHAIN ANTIBODY FRAGMENT RU1, HEAVY CHAIN",QVNLRESGGGLVQPGGSLRLSCAASGFSFGSYGMHWVRQAPGKGLEWVAVISYGGGNKYYADSVKGRFTISRDNSKNTLYLQMNSLRAEDTAVYYCAKDARDCLLCADWHFDLWGRGTLVTVSS,124,Heavy,Homo sapiens,Snake venom,NCBI,['General antivenom'],Unknown
4V1D_B,"Chain B, SINGLE CHAIN ANTIBODY FRAGMENT LR, LIGHT CHAIN",GGGGSGGGGSGGGGSEIVLTQSPATLSVSPGERATLSCRASQSVRSYLAWYQQKPGQAPRLLFSDASNRATGIPARFTGSGSGTDFTLTISSLEPEDFAIYYCQQYRYSPRTFGQGTKVEIKRAAAEQKLISEEDLNGAAHHHHHH,146,Light,Homo sapiens,Snake venom,NCBI,['General antivenom'],Unknown
4V1D_A,"Chain A, SINGLE CHAIN ANTIBODY FRAGMENT LR, HEAVY CHAIN",EVQLVESGGGLVQPGGSLRLSCTGSGFTFDNYAMHWLRQVPGEGLEWVSGISRSSGDIDYADSVKGRFTISRDDAKKTLSLQMNSLRAEDTAVYYCARGGFGSFDTWGQGTMVTVSS,117,Heavy,Homo sapiens,Snake venom,NCBI,['General antivenom'],Unknown
1CDR_A,"Chain A, CD59",LQCYNCPNPTADCKTAVNCSSDFDACLITKAGLQVYNKCWKFEHCNFNDVTTRLRENELTYYCCKKDLCNFNEQLEN,77,Unknown,Homo sapiens,Snake venom,NCBI,['General antivenom'],Unknown
