sequence,length,description,id,data_source,specificity,chain_type,molecular_weight,aromaticity,instability_index,isoelectric_point,hydrophobicity,charge_at_pH7,helix_fraction,sheet_fraction,turn_fraction,sequence_complexity,cdr_score,cysteine_count,cysteine_percentage,chain_type_code,specificity_encoded,data_source_encoded
EVQLVESGGGLVEPGMSLRLSCAASDVKGLPWAYHWGRVAPGKGLEWVSAKWRVDTYCKFLVWQSRFTWSKDNSKNTLYLQMNSLRAEDHAVYYCARHWHCCFPFWGQGTLVTVSDEPKSCDKTHTCPPCPAPELLGGPSVFLFPPKPKDTLMISRTPEVTCVVVDVSHEDPEVKFNWYVDGVEVHNAKTKPREEQYNSTYRVVSVLTVLHQDWLNGKEYKCKVSNKALPAPIEKTISKAK,0.3527266517620014,Human monoclonal antibody heavy chain - Specific,SYN_MAB_127_H,synthetic,Specific,Heavy Chain,0.40473569490872996,0.40183481663539866,-1.058986552762584,0.7330542732823604,0.20812402868704372,0.6353947072999967,1.1002230135926943,-1.1844622885812837,0.49200354627346893,-0.5290590292023722,1.3688584901551708,0.5257403134241527,0.5304940822749332,1,2,1
EVQLVETGGGLVPPGGSLRLSCAASCYHPSSQRVTWVRQAPGKGTEWRSYGMWFGDHSTAGTGMYRFMISRDNIKNTLYLQMNSLRDEDTAVYYCARLTCMLVPCWNHWCQGWLVTVESEPKSCDKTHTCPPCPAPELLGGPSVFLFPPKPKDTLMISRTPEVTCVVVDVSHEDPEVKFNWYVDGVEVHNAKTKPREEQYNSTYRVVSVLTVLHQDWLNGKEYKCKVSNKALPAPIEKTISKAK,0.396245507223667,Human monoclonal antibody heavy chain - Specific,SYN_MAB_65_H,synthetic,Specific,Heavy Chain,0.42676864114461094,-0.4744428263743596,-0.23885707900500672,0.5082485046543799,0.15428611343642415,0.349183484753878,0.4086538680956967,-0.8565754909699439,0.25874018033427437,-0.5621432242473184,1.076142215078829,0.7436410274719935,0.7852935926766218,1,2,1
EVQLVESGDGLVQCGGSLRLSCAASDNFDCFTTEFWVRQAPGKGLEWVFDKWGDWYSHTYYYFQSMFTISRDNSKNTLYLQMNSLDAEHTAVVYCARQACGDIDYWGQGTLVTVSSEPKSCDKTHTCPPCPAPELLGGPSVFLFPPKPKDTLMISRTPEVTCVVVDVSHEDPEVKFNWYVDGVEVHNAKTKPREEQYNSTYRVVSVLTVLHQDWLNGKEYKCKVSNKALPAPIEKTISKAK,0.3527266517620014,Human monoclonal antibody heavy chain - Specific,SYN_MAB_112_H,synthetic,Specific,Heavy Chain,0.38921980694365094,0.6687658339816936,-1.2443447378701218,-1.6611286340055378,0.12750875173082604,-1.7606802979024752,0.23782332959984473,-0.7193205524349616,0.9231873439186429,-0.5290590292023722,0.7601416908486909,0.5257403134241527,0.5304940822749332,1,2,1
EVQLIESGGGLVQPGGSLRLSCAADFHKTVTHVDSWVRQAPGSGLEWVSDGCKDMCYAEDMWQYMRFTISRDASKNTLYLQMNSLRAEDTAVYWCARSDWNYNRWWKWGQGTLVTVSSEPKSCDKTHTCPPCPAPELLGGPSVFLFPPKPKDTLMISRTPEVTCVVVDVSHEDPEVKFNWYVDGVEVHNAKTKPREEQYNSTYRVVSVLTVLHQDWLNGKEYKCKVSNKALPAPIEKTISKAK,0.3817392220697785,Human monoclonal antibody heavy chain - Specific,SYN_MAB_142_H,synthetic,Specific,Heavy Chain,0.4291830385260225,-0.18475433259472748,-0.3729027995928976,-0.6809104502180521,-0.6147426274163222,-0.45149324439024036,0.7323131346876511,-0.6574292651836668,-0.09178027852184716,-0.5512059251995355,0.7033615230121484,0.3078395993763119,0.21401850993820537,1,2,1
EVQLVESGGGLYQPGGSLRCSCLASTRCDYTAGNWMVRQAPGKGLEWVSEGTSWHMPYDPDPICSRFTIGRDNSKATLYLQMNSLRAEDTAQYYCQRDRRYDEHDWEYFAWGQGTLVTVSSEPKSCDKTHTCPPCPAPELLGGPSVFLFPPKPKDTLMISRTPEVTCVVVDVSHEDPEVKFNWYVDGVEVHNAKTKPREEQYNSTYRVVSVLTVLHQDWLNGKEYKCKVSNKALPAPIEKTISKAK,0.4252580775314441,Human monoclonal antibody heavy chain - Specific,SYN_MAB_54_H,synthetic,Specific,Heavy Chain,0.4654919329545149,-0.26223747042123174,-0.5438527901819358,-1.1667333045771402,-1.6396761183634276,-0.9755337614109086,0.3324769534527209,-0.33863544588702277,-0.7384477787139837,-0.583751058951468,0.8187038761478249,0.5257403134241527,0.47060593780414867,1,2,1
EVQLVESGGGLVQPGGSLRLSCAASYLYKDTVCCTWVRQSPGKGLEWVSVVHYHSTSFMYPNLWNMFTISRDNSKNTLYLQMNSMRDEDTNVYYCARWCHCWRCISHGISWGQGTLVTVSSEPKSCDKTHTCPPCPAPELLGGPSVFLFPPKPKDTLMISRTPEVTCVVVDVSHEDPEVKFNWYVDGVEVHNAKTKPREEQYNSTYRVVSVLTVLHQDWLNGKEYKCKVSNKALPAPIEKTISKAK,0.4252580775314441,Human monoclonal antibody heavy chain - Specific,SYN_MAB_147_H,synthetic,Specific,Heavy Chain,0.46683103547657606,-0.26223747042123174,-0.30675808782364544,0.4822642435527118,0.4061979176543835,0.36812576528414187,-0.23077053663475255,-0.49053132449307174,0.740021868902702,-0.583751058951468,1.6138298849980217,0.9615417415198343,1.0479276505025217,1,2,1
EVQLVESGGGLVQPGGSLRLSCAASYSSDVDCEYRWVRQAPGKGLEWVHDEGDYTAKYYADVKTDRFTISFDNSKNTLYLQMNSLRAEDTAVYYCARGIEKHRWGQGTHVTVSREPKSCDKTHTCPPCPAPELLGGPSVFLFPPKPKDTLMISRTPEVTCVVVDVSHEDPEVKFNWYVDGVEVHNAKTKPREEQYNSTYRVVSVLTVLHQDWLNGKEYKCKVSNKALPAPIEKTISKAK,0.3237140814542243,Human monoclonal antibody heavy chain - Specific,SYN_MAB_129_H,synthetic,Specific,Heavy Chain,0.3478583612871244,-0.6167471407697062,-0.8254995995875589,-0.6231694112454486,-1.3707082613485015,-0.4257027720139272,0.749610031885697,-0.7822476771297937,-0.21881827913322244,-0.506541473857976,0.40866504522403,0.08993888532847111,-0.03907975834378726,1,2,1
EVQLVESGGCLVQPGGSLRLSCAASIELWVYMQELWVRQAPGNGLEWVSEDVNNYYDPTNGHTYCRFTISRDNSKNTLVLQMNSLRAEDNAVYYCARWGIMKYQPWGQGTLVTVSSEPKSCDKTHTCPPCPAPELLGGPSVFLFPPKPKDTLMISRTPEVTCVVVDVSHEDPEVKFNWYVDGVEVHNAKTKPREEQYNSTYRVVSVLTVLHQDWLNGKEYKCKVSNKALPAPIEKTISKAK,0.3527266517620014,Human monoclonal antibody heavy chain - Specific,SYN_MAB_85_H,synthetic,Specific,Heavy Chain,0.382419687606716,-0.6658892527497761,-0.29492669534272853,-1.0400183282652469,-0.022205334045006832,-0.7353021771372804,0.6690231715962696,-0.5642733070528549,0.49200354627346893,-0.5290590292023722,0.35433049131103805,0.3078395993763119,0.23584441147866758,1,2,1
EVQLVESGGGLVQPGFSLRLSCAAHYDYWCCNIEPWVRQACVKGLEWVSPSGNFQEGVLTDWLEGRFTIDEDPSKPTNYLQMNSLRAEDTANYYCARTSFESCMVWWWGQGTLVTSSSEPKSCDKTHTCPPCPAPELLGGPSVFLFPPKPKDTLMISRTPEVTCVVVDVSHEDPEVKFNWYVDGVEVHNAKTKPREEQYNSTYRVVSVLTVLHQDWLNGKEYKCKVSNKALPAPIEKTISKAK,0.3817392220697785,Human monoclonal antibody heavy chain - Specific,SYN_MAB_88_H,synthetic,Specific,Heavy Chain,0.41551775526598206,0.07997972164583914,0.16720060727805358,-1.7372955676673514,-0.0017790057862591955,-1.7835018957123359,0.5897628439864999,-0.5036581288170489,0.3358546812826225,-0.5512059251995355,0.7033615230121484,0.7436410274719935,0.7984676511884092,1,2,1
EFQLVESGGGLVQPGGSLRLSCAASCKRIYMTYSYWVRNAPGWGLEWDSQSQWSSPCAARHARTNAFTISRDNSKNTVYLQMMSLREEDTAGYACARQEGCWGEHSWMPGWGQFTGVTVSSEPKSCDKTHTCPPCPAPELLGGPSVFLFPPKPKDTLMISRTPEVTCVVVDVSHEDPEVKFNWYVDGVEVHNAKTKPREEQYNSTYRVVSVLTVLHQDWLNGKEYKCKVSNKALPAPIEKTISKAK,0.4252580775314441,Human monoclonal antibody heavy chain - Specific,SYN_MAB_69_H,synthetic,Specific,Heavy Chain,0.4317482585242409,-0.26223747042123174,0.7899606395734848,0.21979063723685083,-0.8198221848121712,0.06909906829867833,0.6141006984964538,-0.33863544588702277,-1.3720776276925655,-0.583751058951468,0.6199223739352757,0.5257403134241527,0.47060593780414867,1,2,1
EWQLVESGGGLYQPCGLYRGSCAASHSTFDTYNLQWVRQAPHKGLEWVSNWSEFQYWFIKYNVHSRFTISRDNSKNTLYLQNNSLRAEDTAVYYCARDKCKCDCQYDWGQGTLVTVSSEPKSCDKTHTCPPCPAPELLGGPSVFLFPPKPKDTLMISRTPEVTCVVVDVSHEDPEVKFNWYVDGVEVHNAKTKPREEQYNSTYRVVSVLTVLHQDWLNGKEYKCKVSNKALPAPIEKTISKAK,0.3817392220697785,Human monoclonal antibody heavy chain - Specific,SYN_MAB_105_H,synthetic,Specific,Heavy Chain,0.4651054749344233,0.8741818843675274,-1.290500173098829,0.19579756046239907,-1.5551278109108948,0.08688022101670421,0.019561681181904867,-0.8112004015502848,0.3358546812826225,-0.5512059251995355,1.7095394971744353,0.7436410274719935,0.7984676511884092,1,2,1
EVQLVESSGGLVQPGGSLRLSCLASHTMALFYHYYWVRQAPGKGLEWVSNTCRNNVNDSDTRVIYAFLISRDNSKNTLYLQMNSLRAEDTAKYYCARFWVTYEPWGQGTLVTVSEEPKSCDKTHTCPPCPAPELLGGPSVFLFPPKPKDTLMISRTPEVTCVVVDVSHEDPEVKFNWYVDGVEVHNAKTKPREEQYNSTYRVVSVLTVLHQDWLNGKEYKCKVSNKALPAPIEKTISKAK,0.33822036660811283,Human monoclonal antibody heavy chain - Specific,SYN_MAB_13_H,synthetic,Specific,Heavy Chain,0.3835790745369107,-0.10533411632255571,-0.5958715354222577,0.25176498390342117,-0.026763936015745848,0.07279065755464192,0.8534808817836301,-0.9841929299627272,1.2205245043781274,-0.5178471631038085,0.3813845712802162,0.08993888532847111,-0.0489836036243868,1,2,1
EVQLVESGGYLVQPGGSLELSCAASSDETAYGLSDWVRQAPGKGLEWVSRFCGRYGADNWPLWHPRFTISRDNSKNTLYLQMNLLRAEDTAVYYCARCGWWQFCCLVRWGQWTLVGYSSEPKSCDKTHTCPPCPAPELLGGPSVFLFPPKPKDTLMISRTPEVTCVVVDVSHEDPEVKFNWYVDGVEVHNAKTKPREEQYNSTYRVVSVLTVLHQDWLNGKEYKCKVSNKALPAPIEKTISKAK,0.396245507223667,Human monoclonal antibody heavy chain - Specific,SYN_MAB_34_H,synthetic,Specific,Heavy Chain,0.44104412602002857,0.5801534880593621,-1.1545995289487794,-0.2943607985294425,0.0746620079181914,-0.21826805555471143,0.6925860044922497,-0.7034345641786001,0.4716813590893716,-0.5621432242473184,1.2765530738668913,0.7436410274719935,0.7852935926766218,1,2,1
EVQLVFSGGGKVQPGGSLRLSCAASGKGYIQMMDGWVRQAPGKGLEWVSGVGSSGQLRDHVCRAPRFTISRDNSKNTLYLQMNSLRAEDTAVYYCARFYFWQWRRNMPEWGQGTLVTVSSEPKSCDKTHTCPPCPAPELLGGPSVFLFPPKPKDTLMISRTPEVTCVVVDVSHEDPEVKFNWYVDGVEVHNAKTKPREEQYNSTYRVVSVLTVLHQDWLNGKEYKCKVSNKALPAPIEKTISKAK,0.41075179237755555,Human monoclonal antibody heavy chain - Specific,SYN_MAB_133_H,synthetic,Specific,Heavy Chain,0.4209617065641851,-0.4991935562029101,-0.7853217390451831,1.3010758089779615,-0.40461475083673787,1.6170221727063387,0.3704099476831013,-0.2915167243602513,-0.6660329388307185,-0.5729912392212383,-0.35045589809006705,0.08993888532847111,-0.09729011427873778,1,2,1
EVQLVESGGGLVQPGGHTRLSCAASTTRMEYKGKWWVRQAPGKGLEWVSHSVWDWYSALGYYDKMRFTIGRDNSKNTLYLQMNSHRAEFTAVYYCARIWQMPKWGQGTLVTVSSEPKSCDKTHTCPPCPAPELLGGPSVFLFPPKPKDTLMISRTPEVTCVVVDVSHEDPEVKFNWYVDGVEVHNAKTKPREEQYNSTYRVVSVLTVLHQDWLNGKEYKCKVSNKALPAPIEKTISKAK,0.3237140814542243,Human monoclonal antibody heavy chain - Specific,SYN_MAB_95_H,synthetic,Specific,Heavy Chain,0.3766385700899732,0.19074710835736908,-1.3108801016004517,1.220105498577281,-0.8365176096230783,1.403248942625052,0.8945461015107178,-1.2512818127417742,0.4333697662589561,-0.506541473857976,0.8178721543812459,-0.1279618287193697,-0.33619511676178254,1,2,1
EVQLVEDGGFLVQAGGSLRLSCNASYYITLQMYQCWARQAPGKGLEIVSWEPNSEYNYPYMKYWNRFTISRDNSKNHLYLQMNSLRAEPTAVYYCARKGWLAGICWGQGTLVTVSSEPKSCDKTHTCPPCPAPELLGGPSVFLFPPKPKDTLMISRTPEVTCVVVDVSHEDPEVKFNWYVDGVEVHNAKTKPREEQYNSTYRVVSVLTVLHQDWLNGKEYKCKVSNKALPAPIEKTISKAK,0.3527266517620014,Human monoclonal antibody heavy chain - Specific,SYN_MAB_37_H,synthetic,Specific,Heavy Chain,0.4052421906920214,0.40183481663540493,-0.31904474639764924,0.7499300729655937,-0.1335311926988318,0.5687115727160772,1.1002230135926943,-1.029415043199177,0.49200354627346893,-0.5290590292023722,0.9630472906175179,0.3078395993763119,0.23584441147866758,1,2,1
EDQLVESGGGLVQPGGSLRDSCAASISDLPYYHDGWVRQAPPKQTEWVSDKFMHYHYESLDYKCTRFTISRDNSKNTLYAQMNSLRAEDTFVYYCARQHMSGPDWWWQGTLVTVSSEPKSCDKTHTCPPCPAPELLGGPSVFLFPPKPKDTLMISRTPEVTCVVVDVSHEDPEVKFNWYVDGVEVHNAKTKPREEQYNSTYRVVSVLTVLHQDWLNGKEYKCKVSNKALPAPIEKTISKAK,0.3527266517620014,Human monoclonal antibody heavy chain - Specific,SYN_MAB_45_H,synthetic,Specific,Heavy Chain,0.4165288935637864,0.13490379928910365,0.5761296067571345,-1.0331702016294173,-1.7573531999597964,-0.9264871756725948,0.23782332959984473,-0.25417881628863953,-0.37036404901688486,-0.5290590292023722,0.9630472906175179,0.08993888532847111,-0.05880525931759807,1,2,1
EVQLVESGGGLVQPGGSLELSCAASGGAQPQCYSDWVRQGPGKKLEWVSNMYICMSSGYSTTSKDRFTIKRENSKNTLELQMWSLRAEQTAVYYCARWLGCEHAGDGLWGQGTLVTVSSEPKSCDKTHTCPPCPAPELLGGPSVFLFPPKPKDTLMISRTPEVTCVVVDVSHEDPEVKFNWYVDGVEVHNAKTKPREEQYNSTYRVVSVLTVLHQDWLNGKEYKCKVSNKALPAPIEKTISKAK,0.396245507223667,Human monoclonal antibody heavy chain - Specific,SYN_MAB_31_H,synthetic,Specific,Heavy Chain,0.3663132632671906,-1.265390062199658,-0.4807104508295363,-0.286625864127823,-0.26658415858851575,-0.2150507461062697,1.2604502772853539,-0.39715271059591045,-0.8059657134412086,-0.5621432242473184,0.0740879211385197,0.5257403134241527,0.4942666637344092,1,2,1
EVQLVESGKGLVQPGGSLMLSCAASANGMVAYTFHWVRQAPGKGLEWVSRQDVCNPDNFWWLDTWIKTLSRDNSKNTEYDQMNSERAEDVAVYYCARQWIWAATKYWGQRTCVTVSMEPKSCDKTHTCPPCPAPELLGGPSVFLFPPKPKDTLMISRTPEVTCVVVDVSHEDPEVKFNWYVDGVEVHNAKTKPREEQYNSTYRVVSVLTVLHQDWLNGKEYKCKVSNKALPAPIEKTISKAK,0.36723293691588993,Human monoclonal antibody heavy chain - Specific,SYN_MAB_30_H,synthetic,Specific,Heavy Chain,0.4196598367266891,-0.15849971564525217,-1.7302866825218381,-0.28022114137488907,-0.5261380609921014,-0.21305620064432174,1.0586472712514436,-1.2286699742480844,-0.015795554259075265,-0.5401782352505362,0.5295671456568423,0.3078395993763119,0.22488636587054658,1,2,1
EVQLVESGGGLVQPGGSLRLSCAASYKPDYLQCYPWVRQAPGVGLEWLSMEWASYCMHLHVASECRFTISRENSKNTWYLQMCSLRAEDTAVYYCARWRHKEDGFTDPWCWGQPTLVGVSSEPKSCDKTHTCPPCPAPELLGGPSVFLFPPKPKDTLMISRTPEVTCVVVDVSHEDPEVKFNWYVDGVEVHNAKTKPREEQYNSTYRVVSVLTVLHQDWLNGKEYKCKVSNKALPAPIEKTISKAK,0.4252580775314441,Human monoclonal antibody heavy chain - Specific,SYN_MAB_100_H,synthetic,Specific,Heavy Chain,0.4710790106561208,-0.0007318802567722905,0.004399174213151699,-0.6305594759603723,-0.06390181488647366,-0.43570366887947604,1.0365363160620589,-1.0981148389172635,-0.3160278793949302,-0.583751058951468,1.6138298849980217,0.9615417415198343,1.0479276505025217,1,2,1
EVQLVESGGGLVFPGESGRLSCAASDYTFSRFDTDWVRQAPGKGLELVICRCHYWTYYYMYDSYDRFTISRDNSKNTLVLQMNSLRAEDTAKYYCARKPGMSWWGEGTLVIVSSEPKSCDKTHTCPPCPAPELLGGPSVFLFPPKPKDTLMISRTPEVTCVVVDVSHEDPEVKFNWYVDGVEVHNAKTKPREEQYNSTYRVVSVLTVLHQDWLNGKEYKCKVSNKALPAPIEKTISKAK,0.3237140814542243,Human monoclonal antibody heavy chain - Specific,SYN_MAB_77_H,synthetic,Specific,Heavy Chain,0.3744309923563186,0.45991185806639806,-0.1547132084483055,-0.2820440240045697,-0.3061979046492892,-0.2135517414739164,0.6046739622606799,-0.6259029652591349,0.6507657813896861,-0.506541473857976,0.6132685998026353,0.3078395993763119,0.25803560007420134,1,2,1
EVQLVESGGGLVQPGGSLRLHCAASDEEVSYGGAVWVRQAPGKGLEFVIDYLKTDPFSHNGRKYPRFGISRDNSKNTLYLCMNSLRAEDTAVYYCARYYKDEINHEVTDWWGQGTLVTYSSEPKSCDKTHTCPPCPAPELLGGPSVFLFPPKPKDTLMISRTPEVTCVVVDVSHEDPEVKFNWYVDGVEVHNAKTKPREEQYNSTYRVVSVLTVLHQDWLNGKEYKCKVSNKALPAPIEKTISKAK,0.4252580775314441,Human monoclonal antibody heavy chain - Specific,SYN_MAB_114_H,synthetic,Specific,Heavy Chain,0.4435961543481193,-0.26223747042123174,-1.1752747751904766,-0.8907882881218876,-0.8649517591360935,-0.6868475211913472,0.754912571018324,-0.33863544588702277,0.1063920199241233,-0.583751058951468,0.4211408717227252,0.08993888532847111,-0.10671577489422386,1,2,1
DWQLVESGGGLVQPGGSLRLSCAASTDQGRATCIHWVRQAPGKGLEWISKDTSIGSWPSGKYIDIRFTQSRDNKKNTEYLQKNSWRALDTWVYYCARCEYEDPLYWGQGTLVTVSSEPKSCDKTHTCPPCPAPELLGGPSVFLFPPKPKDTLMISRTPEVTCVVVDVSHEDPEVKFNWYVDGVEVHNAKTKPREEQYNSTYRVVSVLTVLHQDWLNGKEYKCKVSNKALPAPIEKTISKAK,0.3527266517620014,Human monoclonal antibody heavy chain - Specific,SYN_MAB_10_H,synthetic,Specific,Heavy Chain,0.38188747771911696,-0.398958235403481,-1.1971172088043973,0.5216597361907247,-1.3926650423007103,0.2893170190723135,0.23782332959984473,-0.25417881628863953,0.060819748628292036,-0.5290590292023722,0.5572360910798638,0.3078395993763119,0.23584441147866758,1,2,1
HVQLVESGGGLVQPGGSLRLSCAASMCYYSHYHQCWVRQAHGKGLEWVSCAHFYYDDNIYSLGYDRFTISRDNSKNTLYLQMNSLAAEDTAVYYCARWFVVGCGGVYDWGDGTLVTVSSEPKSCDKTHTCPPCPAPELLGGPSVFLFPPKPKDTLMISRTPEVTCVVVDVSHEDPEVKFNWYVDGVEVHNAKTKPREEQYNSTYRVVSVLTVLHQDWLNGKEYKCKVSNKALPAPIEKTISKAK,0.396245507223667,Human monoclonal antibody heavy chain - Specific,SYN_MAB_138_H,synthetic,Specific,Heavy Chain,0.40984919808771464,0.5801534880593621,-0.3369107767975484,-0.8057532768021647,0.7306129724255298,-0.6717698039539398,-0.017244336499130847,-0.5502936373872562,0.6846225378444687,-0.5621432242473184,2.0781965090191434,0.7436410274719935,0.7852935926766218,1,2,1
DIQMTQSPSSLSASPGDRVTIPPDRRCTYFSMWYWYQQKVGKAPKLLIYFYMVAWYGVPSRFSYSGSGTDDTLTISSLQPEDFSDYYHWYDLKAFWRFGGGTKVEIKRTVAAPSVFIFPPSDEQLKSGTASVVCLLNNFYPREAKVQWKVDNALQSGNSQESVTEQDSKDSTYSLSSTLTLSKADYEKHKVYACEVTHQGLSSPVTKSFNRGEC,-0.03894304739298936,Human monoclonal antibody kappa chain - Specific,SYN_MAB_126_K,synthetic,Specific,Kappa Chain,0.01089700616601425,2.4799052600883327,1.1073304394132684,-0.39979238846235443,-0.8130386896061611,-0.26984312167837693,-0.7058461065449763,0.5145367320777884,0.9433361195095438,-0.1895595323860376,0.031008951492489573,-0.7816639708628921,-1.0887022394839803,2,2,1
DIQMGNSPSETSASVGDRVTIGCTHHSMGNTCSQWYQQKPGKGMALLIYSQIWRDDAVPSRFSFSGSGTDFTLTISSLQPEDFATYYCWSSRYRAWEFGGGTKVEKIRTVAAPSVFIFPPSDEQLKSGTASVVCLLNNFYPREAKVQWKVDNALQSGNSQESVTEQDSKDSTYSLSSTLTLSKADYEKHKVYACEVTHQGLSSPVTKSFNRGEC,-0.03894304739298936,Human monoclonal antibody kappa chain - Specific,SYN_MAB_146_K,synthetic,Specific,Kappa Chain,-0.06153769517952104,0.3756406513817907,0.031207365287273622,-1.170576138228901,-0.8649166114925386,-0.7721820103227869,-0.8677139600046933,0.8637552941066468,-0.7562131015825414,-0.1895595323860376,-0.6545085654835016,-0.3458625427672105,-0.4250520463821164,2,2,1
DIQMTQSPSTLQASVGDRVTITCGILWAHYKCASWYQQKPGKAPKLLIYGFGDGYSGVPSNFSGSGSGTDFTLTISFCQPEDFATYYCMPFHVSFKGWFGGGTKVEIKRTVAAPSVFIFPPSDEQLKSGTASVVCLLNNFYPREAKVQWKVDNALQSGNSQESVTEQDSKDSTYSLSSTLTLSKADYEKHKVYACEVTHQGLSSPVTKSFNRGEC,-0.02443676223910081,Human monoclonal antibody kappa chain - Specific,SYN_MAB_50_K,synthetic,Specific,Kappa Chain,-0.07541772595931677,1.2411155967567769,0.26393435659990283,-0.364763481713617,0.6931905246050027,-0.25490929597136247,-0.7442426671330947,0.6306722073571513,0.36966767810436907,-0.20365417127195393,-0.45257317288592297,-0.1279618287193697,-0.10403055762585862,2,2,1
DIQMLQSPSSLSASVGDGVTIVCGMVFNYSHKITWYQQKPGKAPKLLIYNLMHPVHGNPSRFSGSGSSTDFTLTISSLQPEDFNTYYCCLPHCYVFYSFGGGTKVEIKRTVAAPSVFIFPPSDEQLKSGTASVVCLLNNFYPREAKVQWKVDNALQSGNSQESVTEQDSKDSTYSLSSTLTLSKADYEKHKVYACEVTHQGLSSPVTKSFNRGEC,-0.02443676223910081,Human monoclonal antibody kappa chain - Broad-spectrum,SYN_MAB_98_K,synthetic,Broad-spectrum,Kappa Chain,-0.059300143397351665,0.3434824547038879,0.869073104510899,-0.2841132421247477,0.8739187268975476,-0.2096400936257956,-0.7442426671330947,0.9782664970044811,0.36966767810437484,-0.20365417127195393,-0.2251301517497022,-0.1279618287193697,-0.10403055762585862,2,0,1
DIQMTQSPSSLYASVGDRVTITCPIGIYYRHGPLWYQQPPGKAPKLLIYSAWHCTSGVPSRESGSGSGTDMTLTISSLQPEDFHTYYCMQKCPSYLSLYFGGGTKVEIKRTVAAPSVFIFPPSDEQLKSGTASVVCLLNNFYPREAKVQWKVDNALQSGNSQESVTEQDSKDSTYSLSSTLTLSKADYEKHKVYACEVTHQGLSSPVTKSFNRGEC,-0.009930477085212263,Human monoclonal antibody kappa chain - Specific,SYN_MAB_103_K,synthetic,Specific,Kappa Chain,-0.04487480114928372,0.013796208085694803,1.235887440249558,-0.3204723605221738,-0.007489846981569241,-0.23195297911067908,-0.6219146269732725,0.7457323541617114,0.0418556464170498,-0.21761830424225875,0.2002725359310042,-0.1279618287193697,-0.11473413201503299,2,2,1
DIQMTQSPSSKSASVGDRVTITCFPTFWKTMVNNWYQQTPAKAIKLLIRAVHCRWVGVPSGFSGGGSGTDRTLTISSLQPEDFATYYCIPIHMPRWAFPGGTKVEIKRTVAAPSVFIFPPSDEQLKSGTASVVCLLNNFYPREAKVQWKVDNALQSGNSQESVTEQDSKDSTYSLSSTLTLSKADYEKHKVYACEVTHQGLSSPVTKSFNRGEC,-0.03894304739298936,Human monoclonal antibody kappa chain - Specific,SYN_MAB_99_K,synthetic,Specific,Kappa Chain,-0.06804578311463474,-0.2255778082486461,0.9123096450508456,1.0873901864988686,0.5487567599112615,0.7937304830798994,-0.7058461065449763,-0.009291110965499167,0.45775062776894593,-0.1895595323860376,-1.1115202434674905,-0.3458625427672105,-0.4250520463821164,2,2,1
DIQFTQSPSSLCASVGDRVTITCVESGPTRFSLWWYQQKAGKAPKLLIDEIYFTQWGVPSRFSGSGSGTAGTNTISSLQPEDFATYYCWDRWFKTEFHFGGGTKVEWKRTVAAPSVFIFPPSDEQLKSGTASVVCLLNNFYPREAKVQWKVDNALQSGNSQESVTEQDSKDSTYSLSSTLTLSKADYEKHKVYACEVTHQGLSSPVTKSFNRGEC,-0.02443676223910081,Human monoclonal antibody kappa chain - Specific,SYN_MAB_110_K,synthetic,Specific,Kappa Chain,-0.0284175041242071,1.5403266441077412,0.3351092237502889,-0.953258968512042,-0.4772397378610006,-0.5334520805171009,-0.7442426671330986,0.10928077288615978,0.8529946326740789,-0.3544668073512427,-0.6800161940221437,-0.3458625427672105,-0.43431228163469715,2,2,1
DIQMTQSPSSLSAKVGDRVTCTCILTAQVVSISNWYQYKPGKYPKHLIYEVRMECQGHPSRFSGSGSGTDFTLTISSEQPEDFATYYCVWVNVMAYCGGGTKVEPKRTVAAPSVFIFPPSDEQLKSGTASVVCLLNNFYPREAKVQWKVDNALQSGNSQESVTEQDSKDSTYSLSSTLTLSKADYEKHKVYACEVTHQGLSSPVTKSFNRGEC,-0.0534493325468779,Human monoclonal antibody kappa chain - Broad-spectrum,SYN_MAB_109_K,synthetic,Broad-spectrum,Kappa Chain,-0.08224635217364942,-0.19594027854855509,0.1814599046732177,-0.8508326715632002,-0.10521762236611908,-0.5169193186465658,-0.5044612184378177,0.04645269705788744,-0.1851372063664901,-0.17533254947302568,-0.16960415597935682,0.08993888532847111,0.25106106114420057,2,0,1
AIQMTQSPSTLSASVHDRVTITCRPSPLIKPVWIWYQQKPGKAPKLLIYCKEVRDFGVPSRFSPSGSGTDFTLTIPSLQPETFATYYCACPIGPANCKFGGGTKVNIKRTVAAPSVFIFPPSDEQLKSGTASVVCLLNNFYPREAKVQWKVDNALQSGNSQESVTEQDSKDSTYSLSSTLTLSKADYEKHKVYACEVTHQGLSSPVTKSFNRGEC,-0.02443676223910081,Human monoclonal antibody kappa chain - Specific,SYN_MAB_100_K,synthetic,Specific,Kappa Chain,-0.07575883037401342,-0.5541506873490065,1.1999231827585097,1.2241288680381837,0.7017966294760766,1.2967053544415095,-0.42201270768770666,0.28307791770982366,0.12800420081952427,-0.20365417127195393,-1.1349022362945804,0.08993888532847111,0.2262511663829728,2,2,1
DIQMTQSPSSLSASVGLRVTITCVRMPYTSKLHNWYQQKPGKAPKVLIYEDWNMMHGVPSRFYGSGSGTDFTLTISSLQPEDFAPYYCRDYVSYQAPFSFKGGTKVEIRRTVAAPSVFIFPPSDEQLKSGTASVVCLLNNFYPREAKVQWKVDNALQSGNSQESVTEQDSKDSTYSLSSTLTLSKADYEKHKVYACEVTHQGLSSPVTKSFNRGEC,-0.009930477085212263,Human monoclonal antibody kappa chain - Specific,SYN_MAB_29_K,synthetic,Specific,Kappa Chain,-0.005062263484497327,0.609447830126967,1.050314689753468,0.6770623816181214,-0.5000499000771556,0.2733841685676772,-0.4615455499344763,0.39974729733681824,0.0418556464170498,-0.21761830424225875,-0.7052876408150531,-0.5637632568150512,-0.7722394159215167,2,2,1
DIQMTQSPSSLSASVGLRVTNTCQCTCNWKWDIYWYQCNPGKADLLLIYHWTPTDRGVPSRFSGVGSGTDFWLCISSLQPEDFATYYCLCIEPTGKAKFGGGTKSEIKRTVAAPSVFIFPPSDEQLKSGTASVVCLLNNFYPREAKVQWKVDNALQSGNSQESVTEQDSKDSTYSLSSTLTLSKADYEKHKVYACEVTHQGLSSPVTKSFNRGEC,-0.02443676223910081,Human monoclonal antibody kappa chain - Specific,SYN_MAB_5_K,synthetic,Specific,Kappa Chain,-0.0455229690347851,0.3434824547038879,0.22451291775003468,-0.9653786746445173,0.16821812746951662,-0.5452361703156499,-0.5831276874104021,0.4568750625334854,0.36966767810437484,-0.20365417127195393,0.22975589052273387,0.5257403134241527,0.8868146144006503,2,2,1
DSQATQSPSSLSASVGDRVTITCVAFLYYFIFCEWYQQLPGKAPKLLIYRYSYKQWGVPSMFSGSGSGTDFTLGISSLQPEIFATYYCRRPSGKSLWVCFGGGTKIEIKRTVAAPSVFIFPPSDEQLKSGTASVVCLLNNFYPREAKVQWKVDNALQSGNSQESVTEQDSKDSTYSLSSTLTLSKADYEKHKVYACEVTHQGLSSPVTKSFNRGEC,-0.009930477085212263,Human monoclonal antibody kappa chain - Specific,SYN_MAB_101_K,synthetic,Specific,Kappa Chain,-0.03339777786986322,1.5029252631888717,0.8849387362741161,0.8334708694107416,1.2132024585161894,0.4833919737477263,-0.4615455499344801,0.22675476892437582,1.004034305977116,-0.21761830424225875,-0.47889759662854015,-0.1279618287193697,-0.11473413201503299,2,2,1
DIQMTQSPQSLSASVGDRVTITPMALWFCRETNTWYQQQPIKAPKLLIYYTRITCFGVPSRFSGSGSGTDFTLTISSLQPEAFATYYCRLRLNHDRIFGGGTKVEIKRTVAAPSVFIFPPSDEQLKSGTASVVCLLNNFYPREAKVQWKVDNALQSGNSQESVTEQDSKDSTYSLSSTLTLSKADYEKHKVYACEVTHQGLSSPVTKSFNRGEC,-0.03894304739298936,Human monoclonal antibody kappa chain - Specific,SYN_MAB_102_K,synthetic,Specific,Kappa Chain,-0.04125755511082722,0.07503142156657587,0.39378179293126814,0.9074561633862425,0.345568232522948,0.5103508027969279,-0.5439782530852622,-0.5331189540087846,1.1861288653798412,-0.1895595323860376,-1.340026082459488,-0.3458625427672105,-0.4250520463821164,2,2,1
PIWITQSNSSYGASVGDRVWITCREFLQRGFCNGWYKQTPGKAPKLLIYLRWDHVSGVPSRFSGLGFGTDFTLTISSLQPEDFEGYYCKTWNGDIGFGGGTKVEIKRTVAAPSVFIFPPSDEQLKSGTASVVCLLNNFYPREAKVQWKVDNALQSGNSQESVTEQDSKDSTYSLSSTLTLSKADYEKHKVYACEVTHQGLSSPVTKSFNRGEC,-0.0534493325468779,Human monoclonal antibody kappa chain - Specific,SYN_MAB_135_K,synthetic,Specific,Kappa Chain,-0.06292610237305342,1.314162425218046,0.16751796241551142,0.4534859758809711,-0.08784379563108782,0.04006008041375122,-0.9923446077389356,0.7481688686463912,1.0345258832166946,-0.3275612666422608,-0.6287614286956709,-0.3458625427672105,-0.4157048605637765,2,2,1
DIQMTQSPSSLSASVGDRVTITCMLRCTNKTKSTWYQQKPGKAPKLLIYTSNMENWGVPSRFSGSGEGWHFWITISSLQPEDFATYYCFYLDYFRIGWHFGGGTKVEIKRTVAAPSVFIFPPSDEQLKSGTASVVCLLNNFYPREAKVQWKVDNALQSGNSQESVTEQDSKDSTYSLSSTLTLSKADYEKHKVYACEVTHQGLSSPVTKSFNRGEC,-0.009930477085212263,Human monoclonal antibody kappa chain - Specific,SYN_MAB_64_K,synthetic,Specific,Kappa Chain,0.010268696570276025,1.205099452168232,0.7294556906358131,0.6390080121337387,-0.4186704130439716,0.27150201000251384,-0.4615455499344801,0.0537622405119355,0.7634896410871008,-0.21761830424225875,-0.25250755244202716,-0.3458625427672105,-0.4434867739682783,2,2,1
DIEMTGSPSSLSASVGDRVTQTCVKMWDCMISTLWFQQKPLKAPKLLIYTCIDMRRGVPSRFSGSGSGTDFTLFISSLQGEDFAHYYCRGYLVIHCEGKFGGGTKVKCKRTVAAPSVFIFPPSDEQLKSGTASVVCLLNNFYPREAKVQWKVDNALQSGNSQESVTEQDSKDSTYSLSSTLTLSKADYEKHKVYACEVTHQGLSSPVTKSFNRGEC,-0.009930477085212263,Human monoclonal antibody kappa chain - Specific,SYN_MAB_48_K,synthetic,Specific,Kappa Chain,-0.04161901974224699,-0.2840296029349386,0.36729796002147963,0.7688734375106795,0.8876845103834548,0.5251774315290194,0.019561681181904867,0.0537622405119355,-0.19868901847297105,-0.21761830424225875,-0.7052876408150531,0.3078395993763119,0.5427711518914438,2,2,1
DILMTQSPSSLSASVGDRVTITCSAYYIHYRRTMWYQQKPGKAPKLLIYYATEFNTGRPSRFSGSGSGTDFTLTISMLQPEDFATYYNNLLLMIYLPTFGGGTKVGIKRTVAAPSVFIFPPSDEQLKSGTASVVCLLNNFYPREAKVQWKVDNALQSGNSQESVTEQDSKDSTYSLSSTLTLSKADYEKHKVYACEVTHQGLSSPVTKSFNRGEC,-0.02443676223910081,Human monoclonal antibody kappa chain - Specific,SYN_MAB_122_K,synthetic,Specific,Kappa Chain,-0.04035361039399246,0.6426935020548468,0.7578820361539319,0.979988573945308,0.5597958991033632,0.5134910524508093,0.06133223148037788,0.10928077288615563,1.577985064528645,-0.20365417127195393,-1.1349022362945804,-0.7816639708628921,-1.0948757296523746,2,2,1
DIQMTQSPSSLKASVGDRPTITCPIVFSEPYYYHWYQQKCGKAPKLLIYQYHYKLEGVPSRFSGSGSGTDFTLTKSSLQPEDFATYYCNKPFKNQWIRFGGGTVVEIDRTVAAPSVFIFPPSDEQLKSGTASVVCLLNNFYPREAKVQWKVDNALQSGNSQESVTEQDSKDSTYSLSSTLTLSKADYEKHKVYACEVTHQGLSSPVTKSFNRGEC,-0.02443676223910081,Human monoclonal antibody kappa chain - Specific,SYN_MAB_72_K,synthetic,Specific,Kappa Chain,-0.011776154343524404,1.2411155967567769,0.7455935577094589,0.23107280270163394,-1.036636554480782,0.00942538054268597,-0.5831276874104021,0.28307791770982155,0.36966767810437484,-0.20365417127195393,-0.2251301517497022,-0.3458625427672105,-0.43431228163469715,2,2,1
DIQMTQSPSDLSASVGDRVEITCVQGVINIVNYGWYQQQPGKAPKLMIYPRVSRPSGVPSRFSGSGSGWDFTLTISSLQPEDKATYYCVECPMLAWFGGGTKVEIKRTVAAPSVFIFPPSDEQLKSGTASVVCLLNNFYPREAKVQWKVDNALQSGNSQESVTEQDSKDSTYSLSSTLTLSKADYEKHKVYACEVTHQGLSSPVTKSFNRGEC,-0.0534493325468779,Human monoclonal antibody kappa chain - Specific,SYN_MAB_32_K,synthetic,Specific,Kappa Chain,-0.09950373364441029,-0.4979608193018765,1.1698989568369607,-1.10958347078173,0.32478458932590176,-0.556967576737317,-0.6670890148715253,0.9235979115435178,-0.4290698242831247,-0.17533254947302568,-1.3174973377701371,-0.3458625427672105,-0.4157048605637765,2,2,1
DIMMTQFPSSLSESVWDRETDTCTMQCGMFVTSQWPQQEPGIAPKLLIYFSYAYLVGVPSMFSGSGSGTDFTLTSSSLQPEDFATYGCKSLTYIYNHWFGGGTKVEIKRTVAAPSVFIFPPSDEQLKSGTASVVCLLNNFYPREAKVQWKVDNALQSGNSQESVTEQDSKDSTYSLSSTLTLSKADYEKHKVYACEVTHQGLSSPVTKSFNRGEC,-0.02443676223910081,Human monoclonal antibody kappa chain - Broad-spectrum,SYN_MAB_43_K,synthetic,Broad-spectrum,Kappa Chain,-0.047722503067142805,0.9419045494058118,0.28536546300706245,-2.082066720167593,0.7835546257512747,-1.8400835487240774,-0.26089772796501115,0.4568750625334896,0.8529946326740847,-0.20365417127195393,-0.9074592151583597,-0.3458625427672105,-0.43431228163469715,2,0,1
DIQMTQSPSSVSASVGDRVFITCCMYHVAYHLKPWSQQKPGKPAKLLIYHPHRFWVMVPSRFQGSNSGTDFTLTISSLQIVDFATYYCIDNDCNLYHFGGGTKVEIKRTVAAPSVFIFPPSDEQLKSGTASVVCLLNNFYPREAKVQWKVDNALQSGNSQESVTEQDSKDSTYSLSSTLTLSKADYEKHKVYACEVTHQGLSSPVTKSFNRGEC,-0.03894304739298936,Human monoclonal antibody kappa chain - Specific,SYN_MAB_140_K,synthetic,Specific,Kappa Chain,-0.03532824044138297,0.3756406513817907,0.1037024973740876,0.24383298110940332,0.6265736427408283,0.07457597256157401,-0.8677139600046933,-0.009291110965499167,0.45775062776894593,-0.1895595323860376,0.031008951492489573,-0.1279618287193697,-0.0932269498311807,2,2,1
DIQMTESPSSLSASVGDRNTITCTDSNQSTYSTLWYQQKPGGAPKKLIYCTKSMKKGVPSRFSGTGSGTDFTLTISKNQPEDFATYYCDSACFKYEIYEFGGGTMVEIKRTVAAPSVFIFPPSDEQLKSGTASVVCLLNNFYPREAKVQWKVDNALQSGNSQESVTEQDSKDSTYSLSSTLTLSKADYEKHKVYACEVTHQGLSSPVTKSFNRGEC,-0.009930477085212263,Human monoclonal antibody kappa chain - Specific,SYN_MAB_142_K,synthetic,Specific,Kappa Chain,-0.05237867356516468,0.013796208085694803,0.8533812409354642,-1.0989417775922385,-1.2367484142722953,-0.5600888174940524,-0.14080739585689142,0.7457323541617114,-0.4392336833629861,-0.21761830424225875,-1.1580677291880845,-0.1279618287193697,-0.11473413201503299,2,2,1
DIQMYQSPSSLSASVGDRVTITCYSDTQKWYSYSWYQQKPGKAPKLLIYTVCTTFWGVPSRFAQSGSGTDFTITIISLQPEDFATYYCKYEMKNYKWADFGGGTFMEIKRTVAAPSVFIFPPSDEQLKSGTASVVCLLNNFYPREAKVQWKVDNALQSGNSQESVTEQDSKDSTYSLSSTLTLSKADYEKHKVYACEVTHQGLSSPVTKSFNRGEC,-0.009930477085212263,Human monoclonal antibody kappa chain - Specific,SYN_MAB_15_K,synthetic,Specific,Kappa Chain,0.015411659000890914,2.0985768852301367,0.2562351469691659,-0.486748816607957,-0.427236674836939,-0.2981645889556287,-0.4615455499344801,-0.29222281631295344,1.244578970867131,-0.21761830424225875,-0.026117508255508785,-0.3458625427672105,-0.4434867739682783,2,2,1
DIQMTQSPSSLSASVGDRVTITCEYVSYYEGRHEWYQQIPGKAPKLLIYLIYVGQCGVPSRFSGSGSGMDFTLTISSLQPEDFATWYCCSPDFCHWWCFGGGEKVEIKRTVAAPSVFIFPPSDEQLKSGTASVVCLLNNFYPREAKVQWKVDNALQSGNSQESVTEQDSKDSTYSLSSTLTLSKADYEKHKVYACEVTHQGLSSPVTKSFNRGEC,-0.02443676223910081,Human monoclonal antibody kappa chain - Specific,SYN_MAB_129_K,synthetic,Specific,Kappa Chain,-0.03328999227247809,0.9419045494058118,0.24501009979541405,-1.7971550918582329,0.5727050564099727,-1.563268697921424,-0.7442426671330947,0.28307791770982366,0.1280042008195185,-0.20365417127195393,0.45719891165895393,0.3078395993763119,0.5565328903918115,2,2,1
QSALTQPASVEGSNGQSITISCTWYQQHPGKAPKLMIYGVSNRFSGSKSGNTASLTISGLQAEDDADYYCFGGGTKCGVLQPKAAPSVTLFPPSSEELQANKATLVCLISDFYPGAVTVAWKADSSPVKAGVETTTPSKQSNNKYAASSYLSLTPEQWKSHRSYSCQVTHEGSTVEKTVAPTECS,-0.4596253168557572,Human monoclonal antibody lambda chain - Specific,SYN_MAB_44_L,synthetic,Specific,Lambda Chain,-0.5886191633596767,-1.3223952683852633,1.4806871498958452,-0.4143754494998036,0.25172060446182537,-0.27525680542367764,0.4009800265714672,1.0440275788296514,-1.6289545934946927,0.28546789168791137,-0.8521352370441438,-0.3458625427672105,-0.11295709070717935,3,2,1
QSALTQPASVSGSPGQSITISLTWYQQHPGKATKLMIYGVSNRFSNSKSGNTASLLISGLQAEDHADYMCFGGGTKLTVLQPKAAPSVTLFPPSSEELQANKATLVCLISDFYPGAVTVAWKADSSPVKAGVETTTPSKQSNNKYAASSYLSLTPEQWKSHRSYSCQVTHEGSTVEKTVAPTECS,-0.4596253168557572,Human monoclonal antibody lambda chain - Specific,SYN_MAB_19_L,synthetic,Specific,Lambda Chain,-0.5798384917145035,-1.6701270261174639,1.467091443041713,0.7727291665773804,0.886827884204159,0.2745884998226987,0.9627052261451877,0.6400666476178908,-0.7863981456637145,0.28546789168791137,-1.3807865834688693,-0.7816639708628921,-0.8806389357006913,3,2,1
QSALTQPASVSGSPGQSITISCTWYQQHPDKAPKLMIYGVKCRFSGSKSGNTASLTISGKQAEWEADYYCFGEGTKLTVLQPKAAPSVTLFPPSSEELQANKATLVCLISDFYPGAVTVAWKADSSPVKAGVETTTPSKQSNNKYAASSYLSLTPEQWKSHRSYSCQVTHEGSTVEKTVAPTECS,-0.4596253168557572,Human monoclonal antibody lambda chain - Specific,SYN_MAB_27_L,synthetic,Specific,Lambda Chain,-0.5557440928402174,-0.9746635106530636,1.2299091957376715,0.6515810416990651,0.11169695223516761,0.24731835013027847,0.9627052261451877,0.03412525080025013,-1.0672502949407072,0.28546789168791137,-0.5878095638317807,-0.3458625427672105,-0.11295709070717935,3,2,1
QSALTQPASQSGSPGQSILISCTWYQQHPGKAPKLMIYGVSNLFSGSKSGNTASLTISGLQAEDEMDYYCFGGGTKLTVLQPKAAPSVTLFPPSSEELQANKATLVCLISDFYPGAVTVAWKADSSPVKAGVETTTPSKQSNNKYAASSYLSLTPEQWKSHRSYSCQVTHEGSTVEKTVAPTECS,-0.4596253168557572,Human monoclonal antibody lambda chain - Broad-spectrum,SYN_MAB_17_L,synthetic,Broad-spectrum,Lambda Chain,-0.5799690699438844,-1.3223952683852633,2.2886034609799233,-0.4084633977278646,0.7918118344789276,-0.2729596736607333,0.9627052261451877,0.842047113223771,-1.0672502949407072,0.28546789168791137,-1.1164609102565068,-0.5637632568150512,-0.4967980132039352,3,0,1
QSHLTQPASVSGSPGQSITISCTWYHQHPGKAPKVMHYGVSNRFSGSKSGNTASLTNSGLQAEDEADYYCFGGGTKLYVLQPKAAPSVTLFPPSSEELQANKATLVCLISDFYPGAVTVAWKADSSPVKAGVETTTPSKQSNNKYAASSYLSLTPEQWKSHRSYSCQVTHEGSTVEKTVAPTECS,-0.4596253168557572,Human monoclonal antibody lambda chain - Specific,SYN_MAB_133_L,synthetic,Specific,Lambda Chain,-0.5683991386969984,-0.9746635106530636,2.2218816727209836,0.2978039297965688,-0.49840610389526296,0.05644764049287111,0.21373829338022707,1.0440275788296514,-1.6289545934946927,0.28546789168791137,-0.05915821740705519,-0.5637632568150512,-0.4967980132039352,3,2,1
QSHLGQPASVKGSPAQSITSSCTYYQQHPGKADKLMIYGVPNRFSGSKSGWTASLTSSGLQAEDEADYYCFGGGTKLTPLQPKAAPSVTLFPPSSEELQANKATLVCLISDFYPGAVTVAWKADSSPVKAGVETTTPSKQSNNKYAASSYLSLTPEQWKSHRSYSCQVTHEGSTVEKTVAPTECS,-0.4596253168557572,Human monoclonal antibody lambda chain - Specific,SYN_MAB_68_L,synthetic,Specific,Lambda Chain,-0.5745774992285311,-0.9746635106530636,2.2182256843232318,0.2783576440688682,-0.593422153620494,0.010917371352505058,0.7754634929539476,1.0440275788296514,-1.9098067427716854,0.28546789168791137,-0.5878095638317807,-0.5637632568150512,-0.4967980132039352,3,2,1
QSALTLPASVSGSPGQYITISCTWYQQHPGKAPKLMIYGVSNRFSGSKSGNTASLTIPKLQAEDENDYYCFGGGTKLTVLQPKAAPSVTLFPPSSEELQANKATLVCLISDFYPGAVTVAWKADSSPVKAGVETTTPSKQSNNKYAASSYLSLTPEQWKSHRSYSCQVTHEGSTVEKTVAPTECS,-0.4596253168557572,Human monoclonal antibody lambda chain - Specific,SYN_MAB_35_L,synthetic,Specific,Lambda Chain,-0.5636029048370257,-0.9746635106530636,1.5015948335454796,0.6974027494482432,0.39174425668848056,0.24917130268295778,0.7754634929539476,0.6400666476178908,-0.5055459963867218,0.28546789168791137,-0.8521352370441438,-0.5637632568150512,-0.4967980132039352,3,2,1
YSALTQPASVSGSPGQSITITCTWYQQHPYKAPKLMIYGVSSRFSGSKSGNTASRTISGLQAEDEADYYCFGGGTKLTVLQPKAAPSVTLFPPSSEELQANKATLVCLISDFYPGAVTVAWKADSSPVKAGVETTTPSKQSNNKYAASSYLSLTPEQWKSHRSYSCQVTHEGSTVEKTVAPTECS,-0.4596253168557572,Human monoclonal antibody lambda chain - Specific,SYN_MAB_124_L,synthetic,Specific,Lambda Chain,-0.5654191854598892,-0.6269317529208567,1.7103860459482445,0.6973468693168405,0.32173243057515216,0.2491686894304752,0.4009800265714672,0.4380861820120106,-0.5055459963867218,0.28546789168791137,-0.5878095638317807,-0.5637632568150512,-0.4967980132039352,3,2,1
QSSHTQPQSNSGSPGDSITIKATWYQQHAGKAPKLMIYGVSYRFSGSKSGNTASLTISGLQAEDEADYYCFGGRTKLTVLQPKAAPSVTLFPPSSEELQANKATLVCLISDFYPGAVTVAWKADSSPVKAGVETTTPSKQSNNKYAASSYLSLTPEQWKSHRSYSCQVTHEGSTVEKTVAPTECS,-0.4596253168557572,Human monoclonal antibody lambda chain - Broad-spectrum,SYN_MAB_55_L,synthetic,Broad-spectrum,Lambda Chain,-0.5578304873876069,-0.9746635106530636,1.422933958175136,0.7517182371704391,-0.7134424269576292,0.2748300242631342,0.5882217597627074,0.6400666476178908,-1.3481024442176999,0.28546789168791137,-0.8521352370441438,-0.7816639708628921,-0.8806389357006913,3,0,1
QSALTQPASVSGSPGQSITESCTWLQQHPGKAPKLHIYGVSERFSGSKFGNTMSLTISGLQAEDEADSYCFGGGTKLTVLQPKAAPSVTLFPPSSEELQANKATLVCLISDFYPGAVTVAWKADSSPVKAGVETTTPSKQSNNKYAASSYLSLTPEQWKSHRSYSCQVTHEGSTVEKTVAPTECS,-0.4596253168557572,Human monoclonal antibody lambda chain - Specific,SYN_MAB_2_L,synthetic,Specific,Lambda Chain,-0.5834603837948305,-1.6701270261174639,2.8973826540240455,-0.8575329969047307,0.3417358094646748,-0.5095180666787447,0.9627052261451877,0.6400666476178908,-1.3481024442176999,0.28546789168791137,-1.3807865834688693,-0.5637632568150512,-0.4967980132039352,3,2,1
QSALVQCASVSGSPGQSITISCTWYQQHPGKAPKLMIYGTSNRFEGSKSGNTHSLTISGLQAEDEADYYCFGGGTKLTVAQPKAAPSVTLFPPSSEELQANKATLVCLISDFYPGAVTVAWKADSSPVKAGVETTTPSKQSNNKYAASSYLSLTPEQWKSHRSYSCQVTHEGSTVEKTVAPTECS,-0.4596253168557572,Human monoclonal antibody lambda chain - Specific,SYN_MAB_6_L,synthetic,Specific,Lambda Chain,-0.5781796102386267,-1.3223952683852633,1.3142825529794993,-0.3569300131157968,0.2517206044618243,-0.25203419526322945,0.5882217597627074,0.4380861820120106,-1.3481024442176999,0.28546789168791137,-0.5878095638317807,-0.3458625427672105,-0.11295709070717935,3,2,1
QSALTQPASVSGSPGQSITISCTWPQQHPGKAPKLMIYGVSNSFSGSKSGNWASLTISGLNAECEADYSCFVGGTKLRVLQPKAAPSVTLFPPSSEELQANKATLVCLISDFYPGAVTVAWKADSSPVKAGVETTTPSKQSNNKYAASSYLSLTPEQWKSHRSYSCQVTHEGSTVEKTVAPTECS,-0.4596253168557572,Human monoclonal antibody lambda chain - Specific,SYN_MAB_36_L,synthetic,Specific,Lambda Chain,-0.5945259556654885,-1.6701270261174639,1.8440009969222726,0.6718655293977872,1.056856604765097,0.24733527923215692,0.5882217597627074,1.2460080444355315,-1.6289545934946927,0.28546789168791137,-1.1164609102565068,-0.3458625427672105,-0.11295709070717935,3,2,1
QSALTQMASVSGSDGQSWTISCTWYQQHPGKAPKLMIYGVSNRFSMSKSGNTASLTISGLQAEDEANYYCFGGGTKLTVLQPKAAPSVTLFPPSSEELQANKATLVCLISDFYPGAVTVAWKADSSPVKAGVETTTPSKQSNNKYAASSYLSLTPEQWKSHRSYSCQVTHEGSTVEKTVAPTECS,-0.4596253168557572,Human monoclonal antibody lambda chain - Specific,SYN_MAB_38_L,synthetic,Specific,Lambda Chain,-0.5619353104239038,-0.9746635106530636,1.5821408279334128,0.2761029303645703,0.45675523807942836,-0.011634425320331444,0.9627052261451877,0.4380861820120106,-1.0672502949407072,0.28546789168791137,-0.8521352370441438,-0.5637632568150512,-0.4967980132039352,3,2,1
QRALTQPASVSGSPRQSITISKTWYQQHPGQAPKLEGYGVSNRWSGSKSGNAASLTILGLQAEDEADYVCFGGGTKLTVLQPKAAPSVTLFPPSSEELQANKATLVCLISDFYPGAVTVAWKADSSPVKAGVETTTPSKQSNNKYAASSYLSLTPEQWKSHRSYSCQVTHEGSTVEKTVAPTECS,-0.4596253168557572,Human monoclonal antibody lambda chain - Broad-spectrum,SYN_MAB_56_L,synthetic,Broad-spectrum,Lambda Chain,-0.5737983155362985,-1.6701270261174639,1.6277835580865776,0.7712204030295392,-0.2283604888867106,0.2532711331501597,0.9627052261451877,0.4380861820120106,-1.3481024442176999,0.1101991524606272,-1.3807865834688693,-0.7816639708628921,-0.8806389357006913,3,0,1
QSALTQPASVSDSPGQSSTIVCTWPQQHPGKAPKLMIVGVSNRFSGSKSGNTAQLLISGLQAEDEADYYCFGGGTTLTVLQPKAAPSVTLFPPSSEELQANKATLVCLISDFYPGAVTVAWKADSSPVKAGVETTTPSKQSNNKYAASSYLSLTPEQWKSHRSYSCQVTHEGSTVEKTVAPTECS,-0.4596253168557572,Human monoclonal antibody lambda chain - Specific,SYN_MAB_20_L,synthetic,Specific,Lambda Chain,-0.5951807258210156,-2.0178587838496638,1.8643945572034724,-0.9789763937199767,0.8718253500370176,-0.5332140620619421,0.5882217597627074,0.842047113223771,-1.0672502949407072,0.28546789168791137,-1.6451122566812324,-0.5637632568150512,-0.4967980132039352,3,2,1
QSALPQPRSVSHSPGQSITISKTWYQQHPSKDPKLMIYGVSNRFSGSMSGNTASLTISGIQAEDEADYYCFGGGTKLTVLQPKAAPSVTLFPPSSEELQANKATLVCLISDFYPGAVTVAWKADSSPVKAGVETTTPSKQSNNKYAASSYLSLTPEQWKSHRSYSCQVTHEGSTVEKTVAPTECS,-0.4596253168557572,Human monoclonal antibody lambda chain - Broad-spectrum,SYN_MAB_28_L,synthetic,Broad-spectrum,Lambda Chain,-0.5535659357484278,-1.3223952683852633,1.8224078154480599,0.31892661946631246,-0.2483638677762332,0.014024296259844997,0.21373829338022707,1.0440275788296514,-1.3481024442176999,0.28546789168791137,-1.1164609102565068,-0.7816639708628921,-0.8806389357006913,3,0,1
VSALTQPASVSGSPGQSITISCTWYNQHPGKADKLMIYGVSNRFSWSKSGNTASLYISGLQAEDEADYYCFGGGEKLTVLQPKAAPSVTLFPPSSEELQANKATLVCLISDFYPGAVTVAWKADSSPVKAGVETTTPSKQSNNKYAASSYLSLTPEQWKSHRSYSCQVTHEGSTVEKTVAPTECS,-0.4596253168557572,Human monoclonal antibody lambda chain - Specific,SYN_MAB_49_L,synthetic,Specific,Lambda Chain,-0.5624603775047505,-0.6269317529208567,1.1633587819348756,-0.9774491136788928,0.6267839586403683,-0.5403479902719929,0.7754634929539476,0.842047113223771,-0.7863981456637145,0.28546789168791137,-0.5878095638317807,-0.5637632568150512,-0.4967980132039352,3,2,1
QSALTQPASVSGSPNNSINISCTWYQQHNGKAPKLMIYGVSNRFSGSKSGNTASLTISGLQAEDEADDYCNGGPTKKTVLQPKAAPSVTLFPPSSEELQANKATLVCLISDFYPGAVTVAWKADSSPVKAGVETTTPSKQSNNKYAASSYLSLTPEQWKSHRSYSCQVTHEGSTVEKTVAPTECS,-0.4596253168557572,Human monoclonal antibody lambda chain - Specific,SYN_MAB_34_L,synthetic,Specific,Lambda Chain,-0.5814117238589667,-2.0178587838496638,1.705073437807764,0.2762507316588686,-0.7284449611247696,-0.01134153926056543,0.5882217597627074,1.6499689756472942,-2.190658892048678,0.28546789168791137,-1.3807865834688693,-0.5637632568150512,-0.4967980132039352,3,2,1
QSAYTQYALVGGSPGLSITISCTWYQQHWGKAPKLMIYSVSNRFSGSKSGNTASLTISGLQAEYEADYYCFGGGTKLTVLQPKAAPSVTLFPPSSEELQANKATLVCLISDFYPGAVTVAWKADSSPVKAGVETTTPSKQSNNKYAASSYLSLTPEQWKSHRSYSCQVTHEGSTVEKTVAPTECS,-0.4596253168557572,Human monoclonal antibody lambda chain - Specific,SYN_MAB_16_L,synthetic,Specific,Lambda Chain,-0.5534286008099574,0.0685317625435437,1.1998615410936622,0.6917588561766969,1.0318523811531948,0.2486173498283935,0.7754634929539476,0.03412525080025013,0.3370104514442593,0.28546789168791137,-0.05915821740705519,-0.5637632568150512,-0.4967980132039352,3,2,1
QSALTWPASVSGSPGQSITISCTWYQQHPGKAPKLMIYGVSNRFSGSKSRYTASLTISGLQAEIEAFYYCFGGGTKLTVLQPKAAPSVTLFPPSSEELQANKATLVCLISDFYPGAVTVAWKADSSPVKAGVETTTPSKQSNNKYAASSYLSLTPEQWKSHRSYSCQVTHEGSTVEKTVAPTECS,-0.4596253168557572,Human monoclonal antibody lambda chain - Specific,SYN_MAB_9_L,synthetic,Specific,Lambda Chain,-0.5570219474031194,-0.279199995188656,2.217431649343097,1.1442761602655318,1.2818946172722236,0.7714997072915114,0.5882217597627074,0.03412525080025013,0.056158302167266555,0.28546789168791137,-0.5878095638317807,-0.5637632568150512,-0.4967980132039352,3,2,1
QSALTQPASVSGSGGQSITISCTWYQQHMGKARKLMKYGGSNRFSFSKSGNIASLTISGLQAEDEADYYCFGGGTCLTVLQPKAAPSVTLFPPSSEELQANKATLVCLISDFYPGAVTVAWKADSSPVKAGVETTTPSKQSNNKYAASSYLSLTPEQWKSHRSYSCQVTHEGSTVEKTVAPTECS,-0.4596253168557572,Human monoclonal antibody lambda chain - Specific,SYN_MAB_71_L,synthetic,Specific,Lambda Chain,-0.5741740915210664,-0.9746635106530636,2.023487177324321,0.6614718249571188,0.7117983189208397,0.24710341844984465,0.7754634929539476,0.4380861820120106,-1.3481024442176999,0.28546789168791137,-0.8521352370441438,-0.3458625427672105,-0.11295709070717935,3,2,1
QSAWTQPASVSGSPGQSITISCTWYQQHPGDAPKLMIMGVSNRFSGSKSGNTASLTISGLQAFDEADYYGFGGGTKLTVLQPKAAPSVTLFPPSSEELQANKATLVCLISDFYPGAVTVAWKADSSPVKAGVETTTPSKQSNNKYAASSYLSLTPEQWKSHRSYSCQVTHEGSTVEKTVAPTECS,-0.4596253168557572,Human monoclonal antibody lambda chain - Specific,SYN_MAB_143_L,synthetic,Specific,Lambda Chain,-0.587457241054833,-0.9746635106530636,1.692163228778209,-0.40122113430724,0.6467873375298908,-0.2702943147111754,0.21373829338022707,1.2460080444355315,-1.0672502949407072,0.28546789168791137,-1.3807865834688693,-0.7816639708628921,-0.8806389357006913,3,2,1
QSALTIPASVSGSPGQSITISCTWYQQHPGKAPKLMIYGVSNRTSGEKSGNTASLTISSLQAEDEADYYCFGGGMKLTVLQPKAAPSVTLFPPSSEELQANKATLVCLISDFYPGAVTVAWKADSSPVKAGVETTTPSKQSNNKYAASSYLSLTPEQWKSHRSYSCQVTHEGSTVEKTVAPTECS,-0.4596253168557572,Human monoclonal antibody lambda chain - Specific,SYN_MAB_30_L,synthetic,Specific,Lambda Chain,-0.5821606374944767,-1.6701270261174639,1.8011002580674222,-0.40634491250958743,0.7318016978103608,-0.2722278348956697,0.9627052261451877,0.6400666476178908,-1.0672502949407072,0.28546789168791137,-1.1164609102565068,-0.5637632568150512,-0.4967980132039352,3,2,1
QSALTQPASVSGSPGQSITISCTWYQQWPTKAPKLMIYGVSNRFSGSKSGNTASLTISGLQAEDEADYWCFGGGTKLTVWQPKAAPSVTLFPPSSEELQANKATLVCLISDFYPGAVTVAWKADSSPVKAGVETTTPSKQSNNKYAASSYLSLTPEQWKSHRSYSCQVTHEGSTVEKTVAPTECS,-0.4596253168557572,Human monoclonal antibody lambda chain - Specific,SYN_MAB_92_L,synthetic,Specific,Lambda Chain,-0.5631004244694221,-0.6269317529208567,1.5180467813353569,0.2702894127888297,0.41674848030038314,-0.03415440272819972,0.4009800265714672,0.6400666476178908,-0.5055459963867218,0.28546789168791137,-0.8521352370441438,-0.5637632568150512,-0.4967980132039352,3,2,1
QSVLTQSASVSGSLGQSVTISCTGPNSVCCSHKSISWYQWPPGRAPTLIIYEDNERAPGISPRFSGYKSYWSAYLTISDLRPEDETTYYCCSYTHNSGCVFGTGTKVSVLGQSK,-1.489571562781844,"Chain G, 35O22 light chain Fv",9CU5_G,real,Unknown,Light,-1.510860456393389,0.7975483423505231,-0.3810354461091143,0.2601403905803347,0.8608585852949542,-0.038884712387310005,-3.4916770581937913,2.2116164107092606,0.6622076769228832,2.184212566650155,2.0113928894231203,-0.3458625427672105,1.3213958302017528,4,3,0
VSVLTQSPGTLSLSPGERATLSCRASQTVGSSYLAWYQQKPGQAPRLLIYGASSRATGIPDRFSGSGSGTDFTLTISRLEPEDFAVYYCQQYEAFGQGTKVEIK,-1.6346344143207294,"Chain N, 61_12A01 kappa chain Fv",9MI0_N,real,Unknown,Light,-1.6653381696784788,0.26580266356469195,-1.5891173374311909,0.4229195440043851,1.0807548723326275,-0.07940886966316912,-0.6342507098224088,0.333211709485882,0.5044415404363134,2.0802871924288486,-1.9068963368819405,-1.2174653989585738,-1.050414728343488,4,3,0
EIVMTQSPATLSVSPGDRATLSCRASQSVSSKLAWYQQKPGQAPRLLIYAASTRATGIPARFSGSGSGTEFTLTISSLQSEDFAVYYCQQYNYWPPITFGQGTRL,-1.6201281291668408,"Chain L, Fab3-1 light chain",9B7R_L,real,Unknown,Light,-1.637627000952853,0.8136712433982543,0.6888580038307112,1.4309412343549022,1.6886299880258429,0.46788643394022056,-1.0434562009038166,-0.13900086257621747,0.8184712787762435,2.647422806036549,-1.4814820780259619,-1.2174653989585738,-1.063420327365815,4,3,0
NIQMTQSPSSLSASVGDRVTITCQASQDISNYLNWYQQKPGKAPKLLIYDASNLETGVPSRFSGSGSGTHFTFTISRLQPEDIATYYCQVYETFGQGTKVEIK,-1.649140699474618,"Chain R, 206-9C09 kappa chain Fv",9MIB_R,real,Unknown,Light,-1.644854453182391,0.3318626082048175,-0.4915728946721606,-0.6053347217334317,-0.15868852600694208,-0.31208743379490833,-1.8986393179617247,0.4518130097716315,1.193200498754702,3.0761546133650577,-1.3910516581567285,-1.2174653989585738,-1.0371565934178164,4,3,0
QSVLTQSASVSGSLGQSVTISCTGPNSVCCSHKSISWYQWPPGRAPTLIIYEDNERAPGISPRFSGYKSYWSAYLTISDLRPEDETTYYCCSYTHNSGCVFGTGTKVSVLGQSK,-1.489571562781844,"Chain G, 35O22 light chain Fv",9CU5_G,real,Unknown,Light,-1.510860456393389,0.7975483423505231,-0.3810354461091143,0.2601403905803347,0.8608585852949542,-0.038884712387310005,-3.4916770581937913,2.2116164107092606,0.6622076769228832,2.184212566650155,2.0113928894231203,-0.3458625427672105,1.3213958302017528,4,3,0
EIVMTQSPATLSVSPGDRATLSCRASQSVSSKLAWYQQKPGQAPRLLIYAASTRATGIPARFSGSGSGTEFTLTISSLQSEDFAVYYCQQYNYWPPITFGQGTRL,-1.6201281291668408,"Chain L, Fab3-1 light chain",9B7R_L,real,Unknown,Light,-1.637627000952853,0.8136712433982543,0.6888580038307112,1.4309412343549022,1.6886299880258429,0.46788643394022056,-1.0434562009038166,-0.13900086257621747,0.8184712787762435,2.647422806036549,-1.4814820780259619,-1.2174653989585738,-1.063420327365815,4,3,0
EIVMTQSPATLSVSPGDRATLSCRASQSVSSKLAWYQQKPGQAPRLLIYAASTRATGIPARFSGSGSGTEFTLTISSLQSEDFAVYYCQQYNYWPPITFGQGTRL,-1.6201281291668408,"Chain L, Fab3-1 light chain",9B7R_L,real,Unknown,Light,-1.637627000952853,0.8136712433982543,0.6888580038307112,1.4309412343549022,1.6886299880258429,0.46788643394022056,-1.0434562009038166,-0.13900086257621747,0.8184712787762435,2.647422806036549,-1.4814820780259619,-1.2174653989585738,-1.063420327365815,4,3,0
NIQMTQSPSSLSASVGDRVTITCQASQDISNYLNWYQQKPGKAPKLLIYDASNLETGVPSRFSGSGSGTHFTFTISRLQPEDIATYYCQVYETFGQGTKVEIK,-1.649140699474618,"Chain L, 206-9C09 kappa chain Fv",9MIB_L,real,Unknown,Light,-1.644854453182391,0.3318626082048175,-0.4915728946721606,-0.6053347217334317,-0.15868852600694208,-0.31208743379490833,-1.8986393179617247,0.4518130097716315,1.193200498754702,3.0761546133650577,-1.3910516581567285,-1.2174653989585738,-1.0371565934178164,4,3,0
NIQMTQSPSSLSASVGDRVTITCQASQDISNYLNWYQQKPGKAPKLLIYDASNLETGVPSRFSGSGSGTHFTFTISRLQPEDIATYYCQVYETFGQGTKVEIK,-1.649140699474618,"Chain R, 206-9C09 kappa chain Fv",9MIB_R,real,Unknown,Light,-1.644854453182391,0.3318626082048175,-0.4915728946721606,-0.6053347217334317,-0.15868852600694208,-0.31208743379490833,-1.8986393179617247,0.4518130097716315,1.193200498754702,3.0761546133650577,-1.3910516581567285,-1.2174653989585738,-1.0371565934178164,4,3,0
QSALTQPPSASGSPGQSVTISCTGTSSDVGGYNYVSWYQQHPGKAPKVIIYEVSKRPSGVPDRFSGSKSGNTASLTVSGLQADDEADYYCSSYEVFGTGTKVTVL,-1.6201281291668408,"Chain N, 206-3G08 lambda chain Fv",9MIA_N,real,Unknown,Light,-1.696420369963331,-0.4116692362294968,-0.8527749192857815,-1.583680755793137,0.12026982890210763,-0.5741153148878884,-3.0228688089254967,3.775572923213936,-0.6660329388307185,2.647422806036549,-1.0157654156994191,-1.2174653989585738,-1.063420327365815,4,3,0
DIQMTQSPSSLSASVGDRVTITCRTSQSISRYLNWYQQKPGKAPKLLIYAASSLQSGVPSRFTGSGSGTDFTLTISSLQPEDFATYYCQQSYSIPPVTFGQGTRVD,-1.6056218440129524,"Chain L, Fab3-5 light chain",9B7V_L,real,Unknown,Light,-1.6238539449653506,0.1374220164338808,1.1510054859964525,1.0614059253972006,0.6005531127380709,0.1872249404949247,-3.4056797378353507,1.8652877738875253,1.126575927713538,2.5920706390658492,-1.9867407211160837,-1.2174653989585738,-1.0761805377273452,4,3,0
QSVLTQSASVSGSLGQSVTISCTGPNSVCCSHKSISWYQWPPGRAPTLIIYEDNERAPGISPRFSGYKSYWSAYLTISDLRPEDETTYYCCSYTHNSGCVFGTGTKVSVLGQSK,-1.489571562781844,"Chain E, 35O22 light chain Fv",9CU6_E,real,Unknown,Light,-1.510860456393389,0.7975483423505231,-0.3810354461091143,0.2601403905803347,0.8608585852949542,-0.038884712387310005,-3.4916770581937913,2.2116164107092606,0.6622076769228832,2.184212566650155,2.0113928894231203,-0.3458625427672105,1.3213958302017528,4,3,0
QSALTQPASVSGSPGQSITISCTGTSSDVGGYNYVSWYQQHPGKAPKLMIYEVSNRPSGVSNRFSGSKSGNTASLTISGLQAEDEADYYCSSYTSSSTLVVFGGGTKLTVLGQPKAAPSVTLFPPSSEELQANKATLVCLISDFYPGAVTVAWKADSSPVKAGVETTTPSKQSNNKYAASSYLSLTPEQWKSHKSYSCQVTHEGSTVEKTVAPTECS,0.004575808068676283,"Chain L, H11 Fab light chain",9CLP_L,real,Snake venom,Light,-0.17583108449090148,-1.202211481150631,1.1706120017739818,-0.4083155964335671,0.581568947832484,-0.27297921601509567,-0.3410839851541853,2.0650993335285053,-0.7618074044827795,-0.23145373552619916,-1.181019715234645,-0.5637632568150512,-0.779814361588644,4,1,0
DIQMTQSPSSLSASVGDRVTITCRTSQSISRYLNWYQQKPGKAPKLLIYAASSLQSGVPSRFTGSGSGTDFTLTISSLQPEDFATYYCQQSYSIPPVTFGQGTRVD,-1.6056218440129524,"Chain L, Fab3-5 light chain",9B7V_L,real,Unknown,Light,-1.6238539449653506,0.1374220164338808,1.1510054859964525,1.0614059253972006,0.6005531127380709,0.1872249404949247,-3.4056797378353507,1.8652877738875253,1.126575927713538,2.5920706390658492,-1.9867407211160837,-1.2174653989585738,-1.0761805377273452,4,3,0
QSVLTQSASVSGSLGQSVTISCTGPNSVCCSHKSISWYQWPPGRAPTLIIYEDNERAPGISPRFSGYKSYWSAYLTISDLRPEDETTYYCCSYTHNSGCVFGTGTKVSVLGQSK,-1.489571562781844,"Chain K, 35O22 light chain Fv",9CU6_K,real,Unknown,Light,-1.510860456393389,0.7975483423505231,-0.3810354461091143,0.2601403905803347,0.8608585852949542,-0.038884712387310005,-3.4916770581937913,2.2116164107092606,0.6622076769228832,2.184212566650155,2.0113928894231203,-0.3458625427672105,1.3213958302017528,4,3,0
QSVLTQSASVSGSLGQSVTISCTGPNSVCCSHKSISWYQWPPGRAPTLIIYEDNERAPGISPRFSGYKSYWSAYLTISDLRPEDETTYYCCSYTHNSGCVFGTGTKVSVLGQSK,-1.489571562781844,"Chain E, 35O22 light chain Fv",9CU6_E,real,Unknown,Light,-1.510860456393389,0.7975483423505231,-0.3810354461091143,0.2601403905803347,0.8608585852949542,-0.038884712387310005,-3.4916770581937913,2.2116164107092606,0.6622076769228832,2.184212566650155,2.0113928894231203,-0.3458625427672105,1.3213958302017528,4,3,0
QSVLTQSASVSGSLGQSVTISCTGPNSVCCSHKSISWYQWPPGRAPTLIIYEDNERAPGISPRFSGYKSYWSAYLTISDLRPEDETTYYCCSYTHNSGCVFGTGTKVSVLGQSK,-1.489571562781844,"Chain E, 35O22 light chain Fv",9CU6_E,real,Unknown,Light,-1.510860456393389,0.7975483423505231,-0.3810354461091143,0.2601403905803347,0.8608585852949542,-0.038884712387310005,-3.4916770581937913,2.2116164107092606,0.6622076769228832,2.184212566650155,2.0113928894231203,-0.3458625427672105,1.3213958302017528,4,3,0
GGGGSGGGGSGGGGSEIVLTQSPATLSVSPGERATLSCRASQSVRSYLAWYQQKPGQAPRLLFSDASNRATGIPARFTGSGSGTDFTLTISSLEPEDFAIYYCQQYRYSPRTFGQGTKVEIKRAAAEQKLISEEDLNGAAHHHHHH,-1.0253704378574104,"Chain B, SINGLE CHAIN ANTIBODY FRAGMENT LR, LIGHT CHAIN",4V1D_B,real,Snake venom,Light,-1.1235976800751275,-1.2509435373443953,0.44156259549448285,0.4847788494657765,-1.1903380507227286,0.0663288441613984,-0.4198056531709563,1.4258536644955624,-3.5333630029756695,0.9997480275799239,-1.1146504604399865,-1.2174653989585738,-1.4432550823740176,4,1,0
VSVLTQSPGTLSLSPGERATLSCRASQTVGSSYLAWYQQKPGQAPRLLIYGASSRATGIPDRFSGSGSGTDFTLTISRLEPEDFAVYYCQQYEAFGQGTKVEIK,-1.6346344143207294,"Chain R, 61_12A01 kappa chain Fv",9MI0_R,real,Unknown,Light,-1.6653381696784788,0.26580266356469195,-1.5891173374311909,0.4229195440043851,1.0807548723326275,-0.07940886966316912,-0.6342507098224088,0.333211709485882,0.5044415404363134,2.0802871924288486,-1.9068963368819405,-1.2174653989585738,-1.050414728343488,4,3,0
QSALTQPASVSGSPGQSITISCTGTSSDVGGYNYVSWYQQHPGKAPKLMIYEVSNRPSGVSNRFSGSKSGNTASLTISGLQAEDEADYYCSSYTSSSTLVVFGGGTKLTVLGQPKAAPSVTLFPPSSEELQANKATLVCLISDFYPGAVTVAWKADSSPVKAGVETTTPSKQSNNKYAASSYLSLTPEQWKSHKSYSCQVTHEGSTVEKTVAPTECS,0.004575808068676283,"Chain L, H11 Fab light chain",9CLP_L,real,Unknown,Light,-0.17583108449090148,-1.202211481150631,1.1706120017739818,-0.4083155964335671,0.581568947832484,-0.27297921601509567,-0.3410839851541853,2.0650993335285053,-0.7618074044827795,-0.23145373552619916,-1.181019715234645,-0.5637632568150512,-0.779814361588644,4,3,0
VSVLTQSPGTLSLSPGERATLSCRASQTVGSSYLAWYQQKPGQAPRLLIYGASSRATGIPDRFSGSGSGTDFTLTISRLEPEDFAVYYCQQYEAFGQGTKVEIK,-1.6346344143207294,"Chain N, 61_12A01 kappa chain Fv",9MI0_N,real,Unknown,Light,-1.6653381696784788,0.26580266356469195,-1.5891173374311909,0.4229195440043851,1.0807548723326275,-0.07940886966316912,-0.6342507098224088,0.333211709485882,0.5044415404363134,2.0802871924288486,-1.9068963368819405,-1.2174653989585738,-1.050414728343488,4,3,0
VSVLTQSPGTLSLSPGERATLSCRASQTVGSSYLAWYQQKPGQAPRLLIYGASSRATGIPDRFSGSGSGTDFTLTISRLEPEDFAVYYCQQYEAFGQGTKVEIK,-1.6346344143207294,"Chain N, 61_12A01 kappa chain Fv",9MI0_N,real,Unknown,Light,-1.6653381696784788,0.26580266356469195,-1.5891173374311909,0.4229195440043851,1.0807548723326275,-0.07940886966316912,-0.6342507098224088,0.333211709485882,0.5044415404363134,2.0802871924288486,-1.9068963368819405,-1.2174653989585738,-1.050414728343488,4,3,0
QSVLTQSASVSGSLGQSVTISCTGPNSVCCSHKSISWYQWPPGRAPTLIIYEDNERAPGISPRFSGYKSYWSAYLTISDLRPEDETTYYCCSYTHNSGCVFGTGTKVSVLGQSK,-1.489571562781844,"Chain E, 35O22 light chain Fv",9CU6_E,real,Unknown,Light,-1.510860456393389,0.7975483423505231,-0.3810354461091143,0.2601403905803347,0.8608585852949542,-0.038884712387310005,-3.4916770581937913,2.2116164107092606,0.6622076769228832,2.184212566650155,2.0113928894231203,-0.3458625427672105,1.3213958302017528,4,3,0
QSALTQPPSASGSPGQSVTISCTGTSSDVGGYNYVSWYQQHPGKAPKVIIYEVSKRPSGVPDRFSGSKSGNTASLTVSGLQADDEADYYCSSYEVFGTGTKVTVL,-1.6201281291668408,"Chain N, 206-3G08 lambda chain Fv",9MIA_N,real,Unknown,Light,-1.696420369963331,-0.4116692362294968,-0.8527749192857815,-1.583680755793137,0.12026982890210763,-0.5741153148878884,-3.0228688089254967,3.775572923213936,-0.6660329388307185,2.647422806036549,-1.0157654156994191,-1.2174653989585738,-1.063420327365815,4,3,0
QVQVVQSGAEVKKPGASVKVSCKASGYTFTDHYIHWVRQAPGQGLEWMGWINPYRGGTNYAQKFQGRVTMTRDTSINTAYMELSRLRFDDTAVYYCARPKDCSGGSCYDFDYWGQGTLVTVSS,-1.359014996396847,"Chain P, 206-9C09 heavy chain Fv",9MIB_P,real,Unknown,Heavy,-1.3312425858458243,2.3528184312233646,-1.9205400218858197,1.080125769416682,-0.7032374511420384,0.4885918720185885,-2.202136751940896,-0.6424272030991227,0.5288119192431826,2.0524047749548395,1.4150483827854725,-0.7816639708628921,-0.10671577489422386,0,3,0
EVQLVESGGGLVQPGGSLRLSCTGSGFTFDNYAMHWLRQVPGEGLEWVSGISRSSGDIDYADSVKGRFTISRDDAKKTLSLQMNSLRAEDTAVYYCARGGFGSFDTWGQGTMVTVSS,-1.4460527073201783,"Chain A, SINGLE CHAIN ANTIBODY FRAGMENT LR, HEAVY CHAIN",4V1D_A,real,Snake venom,Heavy,-1.4876758709204043,0.05961556362733016,0.08143146232424413,-2.1625691584621625,1.4039665192134099,-1.0738150174784176,-1.263390935128446,2.1695939341718207,-0.27270276151605194,2.3227797322785637,-1.959140193232676,-1.2174653989585738,-1.2021467169372957,0,1,0
MQRVNMIMAESPGLITICLLGYLLSAECTVFLDHENANKILNRPKRYNSGKLEEFVQGNLERECMEEKCSFEEAREVFENTERTTEFWKQYVDGDQCESNPCLNGGSCKDDINSYECWCPFGFEGKNCELDVTCNIKNGRCEQFCKNSADNKVVCSCTEGYRLAENQKSCEPAVPFPCGRVSVSQTSKLTRAETVFPDVDYVNSTEAETILDNITQSTQSFNDFTRVVGGEDAKPGQFPWQVVLNGKVDAFCGGSIVNEKWIVTAAHCVETGVKITVVAGEHNIEETEHTEQKRNVIRIIPHHNYNAAINKYNHDIALLELDEPLVLNSYVTPICIADKEYTNIFLKFGSGYVSGWGRVFHKGRSALVLQYLRVPLVDRATCLRSTKFTIYNNMFCAGFHEGGRDSCQGDSGGPHVTEVEGTSFLTGIISWGEECAMKGKYGIYTKVSRYVNWIKEKTKLT,3.5441093856174817,RecName: Full=Coagulation factor IX; AltName: Full=Christmas factor; AltName: Full=Plasma thromboplastin component; Short=PTC; Contains: RecName: Full=Coagulation factor IXa light chain; Contains: RecName: Full=Coagulation factor IXa heavy chain; Flags: Precursor,P00740.2,real,Snake venom,Heavy,3.5582480808297055,-0.39837920933548715,-0.8418286864246534,-1.8365195032397268,0.35742175625114275,-3.8660728176522396,0.5817231312788457,-1.4266185069654864,0.11647145353043308,-1.8131946691246907,-0.09241394201945781,3.576350310093924,1.2808600551921028,0,1,0
QGQLVQSGAELKKPGASVKISCKTSGYRFNFYHINWIRQTAGRGPEWMGWISPYSGDKNLAPAFQDRVIMTTDTEVPVTSFTSTGAAYMEIRNLKFDDTGTYFCAKGLLRDGSSTWLPYLWGQGTLLTVSS,-1.2429647151657386,"Chain J, 35O22 heavy chain Fv",9CU5_J,real,Unknown,Heavy,-1.2356214328886035,1.809844992103266,-1.1782863500410452,1.3007405281895548,0.9094271214228519,0.4719519497562345,-0.49949548419556733,0.09734051102804325,2.1443261906847533,1.7304315433326956,-0.9126678339630094,-1.2174653989585738,-1.3318717758877223,0,3,0
QVQVVQSGAEVKKPGASVKVSCKASGYTFTDHYIHWVRQAPGQGLEWMGWINPYRGGTNYAQKFQGRVTMTRDTSINTAYMELSRLRFDDTAVYYCARPKDCSGGSCYDFDYWGQGTLVTVSS,-1.359014996396847,"Chain P, 206-9C09 heavy chain Fv",9MIB_P,real,Unknown,Heavy,-1.3312425858458243,2.3528184312233646,-1.9205400218858197,1.080125769416682,-0.7032374511420384,0.4885918720185885,-2.202136751940896,-0.6424272030991227,0.5288119192431826,2.0524047749548395,1.4150483827854725,-0.7816639708628921,-0.10671577489422386,0,3,0
MQRVNMIMAESPGLITICLLGYLLSAECTVFLDHENANKILNRPKRYNSGKLEEFVQGNLERECMEEKCSFEEAREVFENTERTTEFWKQYVDGDQCESNPCLNGGSCKDDINSYECWCPFGFEGKNCELDVTCNIKNGRCEQFCKNSADNKVVCSCTEGYRLAENQKSCEPAVPFPCGRVSVSQTSKLTRAETVFPDVDYVNSTEAETILDNITQSTQSFNDFTRVVGGEDAKPGQFPWQVVLNGKVDAFCGGSIVNEKWIVTAAHCVETGVKITVVAGEHNIEETEHTEQKRNVIRIIPHHNYNAAINKYNHDIALLELDEPLVLNSYVTPICIADKEYTNIFLKFGSGYVSGWGRVFHKGRSALVLQYLRVPLVDRATCLRSTKFTIYNNMFCAGFHEGGRDSCQGDSGGPHVTEVEGTSFLTGIISWGEECAMKGKYGIYTKVSRYVNWIKEKTKLT,3.5441093856174817,RecName: Full=Coagulation factor IX; AltName: Full=Christmas factor; AltName: Full=Plasma thromboplastin component; Short=PTC; Contains: RecName: Full=Coagulation factor IXa light chain; Contains: RecName: Full=Coagulation factor IXa heavy chain; Flags: Precursor,P00740.2,real,Snake venom,Heavy,3.5582480808297055,-0.39837920933548715,-0.8418286864246534,-1.8365195032397268,0.35742175625114275,-3.8660728176522396,0.5817231312788457,-1.4266185069654864,0.11647145353043308,-1.8131946691246907,-0.09241394201945781,3.576350310093924,1.2808600551921028,0,1,0
MQRVNMIMAESPGLITICLLGYLLSAECTVFLDHENANKILNRPKRYNSGKLEEFVQGNLERECMEEKCSFEEAREVFENTERTTEFWKQYVDGDQCESNPCLNGGSCKDDINSYECWCPFGFEGKNCELDVTCNIKNGRCEQFCKNSADNKVVCSCTEGYRLAENQKSCEPAVPFPCGRVSVSQTSKLTRAETVFPDVDYVNSTEAETILDNITQSTQSFNDFTRVVGGEDAKPGQFPWQVVLNGKVDAFCGGSIVNEKWIVTAAHCVETGVKITVVAGEHNIEETEHTEQKRNVIRIIPHHNYNAAINKYNHDIALLELDEPLVLNSYVTPICIADKEYTNIFLKFGSGYVSGWGRVFHKGRSALVLQYLRVPLVDRATCLRSTKFTIYNNMFCAGFHEGGRDSCQGDSGGPHVTEVEGTSFLTGIISWGEECAMKGKYGIYTKVSRYVNWIKEKTKLT,3.5441093856174817,RecName: Full=Coagulation factor IX; AltName: Full=Christmas factor; AltName: Full=Plasma thromboplastin component; Short=PTC; Contains: RecName: Full=Coagulation factor IXa light chain; Contains: RecName: Full=Coagulation factor IXa heavy chain; Flags: Precursor,P00740.2,real,Snake venom,Heavy,3.5582480808297055,-0.39837920933548715,-0.8418286864246534,-1.8365195032397268,0.35742175625114275,-3.8660728176522396,0.5817231312788457,-1.4266185069654864,0.11647145353043308,-1.8131946691246907,-0.09241394201945781,3.576350310093924,1.2808600551921028,0,1,0
EVQLVQSGAEVKKPGSSVKVSCKASGGTFSSYAISWVRQAPGQGLEWMGGYIPIFGTANYAQKFQGRVTITADESTSTAYMELSSLRSEDTAVYYCARIPLRWYESGPYESGVFDYWGQGTLVTVSSASTKGPSVFPLAPSSKSTSGGTAALGCLVKDYFPEPVTVSWNSGALTSGVHTFPAVLQSSGLYSLSSVVTVPSSSLGTQTYICNVNHKPSNTKVDKKVEPK,0.16414494476145028,"Chain H, 95Mat5 Fab heavy chain",8SXP_H,real,Snake venom,Heavy,0.007431689557661414,0.23324680567984674,-0.0850825338878645,0.9954114902121057,2.4393050346200327,0.5098580132481456,-0.6050336714955034,1.3921781182292639,1.117976515661864,-0.3756334931167578,-1.2057287911220875,-0.7816639708628921,-1.1702031403912256,0,1,0
QGQLVQSGAELKKPGASVKISCKTSGYRFNFYHINWIRQTAGRGPEWMGWISPYSGDKNLAPAFQDRVIMTTDTEVPVTSFTSTGAAYMEIRNLKFDDTGTYFCAKGLLRDGSSTWLPYLWGQGTLLTVSS,-1.2429647151657386,"Chain J, 35O22 heavy chain Fv",9CU5_J,real,Unknown,Heavy,-1.2356214328886035,1.809844992103266,-1.1782863500410452,1.3007405281895548,0.9094271214228519,0.4719519497562345,-0.49949548419556733,0.09734051102804325,2.1443261906847533,1.7304315433326956,-0.9126678339630094,-1.2174653989585738,-1.3318717758877223,0,3,0
QVQVVQSGAEVKKPGASVKVSCKASGYTFTDHYIHWVRQAPGQGLEWMGWINPYRGGTNYAQKFQGRVTMTRDTSINTAYMELSRLRFDDTAVYYCARPKDCSGGSCYDFDYWGQGTLVTVSS,-1.359014996396847,"Chain H, 206-9C09 heavy chain Fv",9MIB_H,real,Unknown,Heavy,-1.3312425858458243,2.3528184312233646,-1.9205400218858197,1.080125769416682,-0.7032374511420384,0.4885918720185885,-2.202136751940896,-0.6424272030991227,0.5288119192431826,2.0524047749548395,1.4150483827854725,-0.7816639708628921,-0.10671577489422386,0,3,0
QVQLVQSGAEVKQPGASVKVSCKASGYTFSDHFMHWVRQAPGQGLEWMGWINPKSGGPNYAQKFQGRVTMTRDRSISTAYMELRGLRSDDTAIYYCARPMHDYDDHDWYFDLWGRGTLVTVSS,-1.359014996396847,"Chain K, 61_12A01 heavy chain Fv",9MI0_K,real,Unknown,Heavy,-1.3072766545336982,1.8298072508944438,0.021239384998517744,0.4553300202172184,-1.5080481932519862,0.018039405630048178,-1.3572655168096917,-0.03484368867492692,-1.1608676780330371,2.0524047749548395,1.0174853783603741,-1.2174653989585738,-1.2613592002909695,0,3,0
QVQLVQSGAEVKQPGASVKVSCKASGYTFSDHFMHWVRQAPGQGLEWMGWINPKSGGPNYAQKFQGRVTMTRDRSISTAYMELRGLRSDDTAIYYCARPMHDYDDHDWYFDLWGRGTLVTVSS,-1.359014996396847,"Chain H, 61_12A01 heavy chain Fv",9MI0_H,real,Unknown,Heavy,-1.3072766545336982,1.8298072508944438,0.021239384998517744,0.4553300202172184,-1.5080481932519862,0.018039405630048178,-1.3572655168096917,-0.03484368867492692,-1.1608676780330371,2.0524047749548395,1.0174853783603741,-1.2174653989585738,-1.2613592002909695,0,3,0
EVQLVESGGGLVQPGGSLRLSCAASGFTFSNYGMNWVRQAPGKGLEWVSYISSGGTIYYADSVKGRFTISRDNAKNSVYLQMNSLRAEDTAVYYCARDPAYCGDDCYTIPAHYFDYWGQGTPVTVS,-1.3154961409351813,"Chain H, Fab3-5 heavy chain",9B7V_H,real,Unknown,Heavy,-1.3352549899716957,2.6516819628398873,-1.4018627571170788,-1.975157117291697,1.490382215102898,-0.8205141574144019,-1.8132277706900253,1.4624156861561213,0.48858145264136726,1.9268735447688257,1.2351984522122115,-0.7816639708628921,-0.16169879515121266,0,3,0
QVQLVQSGAEVKQPGASVKVSCKASGYTFSDHFMHWVRQAPGQGLEWMGWINPKSGGPNYAQKFQGRVTMTRDRSISTAYMELRGLRSDDTAIYYCARPMHDYDDHDWYFDLWGRGTLVTVSS,-1.359014996396847,"Chain K, 61_12A01 heavy chain Fv",9MI0_K,real,Unknown,Heavy,-1.3072766545336982,1.8298072508944438,0.021239384998517744,0.4553300202172184,-1.5080481932519862,0.018039405630048178,-1.3572655168096917,-0.03484368867492692,-1.1608676780330371,2.0524047749548395,1.0174853783603741,-1.2174653989585738,-1.2613592002909695,0,3,0
QVQLVQSGAEVKKPGASVKVSCKASGYTFTGHYMHWVRQAPGQGLEWMGWINPYSSGTNYAQNFQGRVTMTRDTSITTAYMELSRLRSDDTAVYYCARAPDYGDRWDFDYWGQGTLVTVSS,-1.3880275667046242,"Chain K, 206-3G08 heavy chain Fv",9MIA_K,real,Unknown,Heavy,-1.3556081153684805,2.4997802504893403,-0.9237054870354958,0.43264268686823465,-1.0231228360881868,-0.028366908437132902,-1.804139558531981,-0.4566372028206503,0.8430085385714012,2.139550422356703,1.1357685862885047,-1.2174653989585738,-1.242274184995155,0,3,0
QVQLVQSGAEVKQPGASVKVSCKASGYTFSDHFMHWVRQAPGQGLEWMGWINPKSGGPNYAQKFQGRVTMTRDRSISTAYMELRGLRSDDTAIYYCARPMHDYDDHDWYFDLWGRGTLVTVSS,-1.359014996396847,"Chain H, 61_12A01 heavy chain Fv",9MI0_H,real,Unknown,Heavy,-1.3072766545336982,1.8298072508944438,0.021239384998517744,0.4553300202172184,-1.5080481932519862,0.018039405630048178,-1.3572655168096917,-0.03484368867492692,-1.1608676780330371,2.0524047749548395,1.0174853783603741,-1.2174653989585738,-1.2613592002909695,0,3,0
QVQLVQSGAEVKQPGASVKVSCKASGYTFSDHFMHWVRQAPGQGLEWMGWINPKSGGPNYAQKFQGRVTMTRDRSISTAYMELRGLRSDDTAIYYCARPMHDYDDHDWYFDLWGRGTLVTVSS,-1.359014996396847,"Chain H, 61_12A01 heavy chain Fv",9MI0_H,real,Unknown,Heavy,-1.3072766545336982,1.8298072508944438,0.021239384998517744,0.4553300202172184,-1.5080481932519862,0.018039405630048178,-1.3572655168096917,-0.03484368867492692,-1.1608676780330371,2.0524047749548395,1.0174853783603741,-1.2174653989585738,-1.2613592002909695,0,3,0
QGQLVQSGAELKKPGASVKISCKTSGYRFNFYHINWIRQTAGRGPEWMGWISPYSGDKNLAPAFQDRVIMTTDTEVPVTSFTSTGAAYMEIRNLKFDDTGTYFCAKGLLRDGSSTWLPYLWGQGTLLTVSS,-1.2429647151657386,"Chain D, 35O22 heavy chain Fv",9CU5_D,real,Unknown,Heavy,-1.2356214328886035,1.809844992103266,-1.1782863500410452,1.3007405281895548,0.9094271214228519,0.4719519497562345,-0.49949548419556733,0.09734051102804325,2.1443261906847533,1.7304315433326956,-0.9126678339630094,-1.2174653989585738,-1.3318717758877223,0,3,0
QVQLVQSGAEVKKPGASVKVSCKASGYTFTGHYMHWVRQAPGQGLEWMGWINPYSSGTNYAQNFQGRVTMTRDTSITTAYMELSRLRSDDTAVYYCARAPDYGDRWDFDYWGQGTLVTVSS,-1.3880275667046242,"Chain H, 206-3G08 heavy chain Fv",9MIA_H,real,Unknown,Heavy,-1.3556081153684805,2.4997802504893403,-0.9237054870354958,0.43264268686823465,-1.0231228360881868,-0.028366908437132902,-1.804139558531981,-0.4566372028206503,0.8430085385714012,2.139550422356703,1.1357685862885047,-1.2174653989585738,-1.242274184995155,0,3,0
QVQVVQSGAEVKKPGASVKVSCKASGYTFTDHYIHWVRQAPGQGLEWMGWINPYRGGTNYAQKFQGRVTMTRDTSINTAYMELSRLRFDDTAVYYCARPKDCSGGSCYDFDYWGQGTLVTVSS,-1.359014996396847,"Chain K, 206-9C09 heavy chain Fv",9MIB_K,real,Unknown,Heavy,-1.3312425858458243,2.3528184312233646,-1.9205400218858197,1.080125769416682,-0.7032374511420384,0.4885918720185885,-2.202136751940896,-0.6424272030991227,0.5288119192431826,2.0524047749548395,1.4150483827854725,-0.7816639708628921,-0.10671577489422386,0,3,0
EVQLVESGGGLVQPGGSLRLSCTGSGFTFDNYAMHWLRQVPGEGLEWVSGISRSSGDIDYADSVKGRFTISRDDAKKTLSLQMNSLRAEDTAVYYCARGGFGSFDTWGQGTMVTVSS,-1.4460527073201783,"Chain A, SINGLE CHAIN ANTIBODY FRAGMENT LR, HEAVY CHAIN",4V1D_A,real,Snake venom,Heavy,-1.4876758709204043,0.05961556362733016,0.08143146232424413,-2.1625691584621625,1.4039665192134099,-1.0738150174784176,-1.263390935128446,2.1695939341718207,-0.27270276151605194,2.3227797322785637,-1.959140193232676,-1.2174653989585738,-1.2021467169372957,0,1,0
EVQLVESGGGLVQPGGSLRLSCTGSGFTFDNYAMHWLRQVPGEGLEWVSGISRSSGDIDYADSVKGRFTISRDDAKKTLSLQMNSLRAEDTAVYYCARGGFGSFDTWGQGTMVTVSS,-1.4460527073201783,"Chain A, SINGLE CHAIN ANTIBODY FRAGMENT LR, HEAVY CHAIN",4V1D_A,real,Snake venom,Heavy,-1.4876758709204043,0.05961556362733016,0.08143146232424413,-2.1625691584621625,1.4039665192134099,-1.0738150174784176,-1.263390935128446,2.1695939341718207,-0.27270276151605194,2.3227797322785637,-1.959140193232676,-1.2174653989585738,-1.2021467169372957,0,1,0
QVQLVQSGAEVKQPGASVKVSCKASGYTFSDHFMHWVRQAPGQGLEWMGWINPKSGGPNYAQKFQGRVTMTRDRSISTAYMELRGLRSDDTAIYYCARPMHDYDDHDWYFDLWGRGTLVTVSS,-1.359014996396847,"Chain H, 61_12A01 heavy chain Fv",9MI0_H,real,Unknown,Heavy,-1.3072766545336982,1.8298072508944438,0.021239384998517744,0.4553300202172184,-1.5080481932519862,0.018039405630048178,-1.3572655168096917,-0.03484368867492692,-1.1608676780330371,2.0524047749548395,1.0174853783603741,-1.2174653989585738,-1.2613592002909695,0,3,0
QVQVVQSGAEVKKPGASVKVSCKASGYTFTDHYIHWVRQAPGQGLEWMGWINPYRGGTNYAQKFQGRVTMTRDTSINTAYMELSRLRFDDTAVYYCARPKDCSGGSCYDFDYWGQGTLVTVSS,-1.359014996396847,"Chain H, 206-9C09 heavy chain Fv",9MIB_H,real,Unknown,Heavy,-1.3312425858458243,2.3528184312233646,-1.9205400218858197,1.080125769416682,-0.7032374511420384,0.4885918720185885,-2.202136751940896,-0.6424272030991227,0.5288119192431826,2.0524047749548395,1.4150483827854725,-0.7816639708628921,-0.10671577489422386,0,3,0
MGIQGGSVLFGLLLVLAVFCHSGHSLQCYNCPNPTADCKTAVNCSSDFDACLITKAGLQVYNKCWKFEHCNFNDVTTRLRENELTYYCCKKDLCNFNEQLENGGTSLSEKTVLLLVTPFLAAAWSLHP,-1.2864835706274043,RecName: Full=CD59 glycoprotein; AltName: Full=1F5 antigen; AltName: Full=20 kDa homologous restriction factor; Short=HRF-20; Short=HRF20; AltName: Full=MAC-inhibitory protein; Short=MAC-IP; AltName: Full=MEM43 antigen; AltName: Full=Membrane attack complex inhibition factor; Short=MACIF; AltName: Full=Membrane inhibitor of reactive lysis; Short=MIRL; AltName: Full=Protectin; AltName: CD_antigen=CD59; Flags: Precursor,P13987.1,real,Snake venom,Unknown,-1.2809371878427507,-0.004817905103091829,-1.948635679675694,-1.240732485922576,4.461689547817791,-0.8558013710536077,1.8638060671280303,-1.665351010586725,1.815872549980923,1.8464551004309113,1.8840484895682088,0.7436410274719935,3.686468290569309,5,1,0
MWRVLFLLSGLGGLRMDSNFDSLPVQITVPEKIRSIIKEGIESQASYKIVIEGKPYTVNLMQKNFLPHNFRVYSYSGTGIMKPLDQDFQNFCHYQGYIEGYPKSVVMVSTCTGLRGVLQFENVSYGIEPLESSVGFEHVIYQVKHKKADVSLYNEKDIESRDLSFKLQSVEPQQDFAKYIEMHVIVEKQLYNHMGSDTTVVAQKVFQLIGLTNAIFVSFNITIILSSLELWIDENKIATTGEANELLHTFLRWKTSYLVLRPHDVAFLLVYREKSNYVGATFQGKMCDANYAGGVVLHPRTISLESLAVILAQLLSLSMGITYDDINKCQCSGAVCIMNPEAIHFSGVKIFSNCSFEDFAHFISKQKSQCLHNQPRLDPFFKQQAVCGNAKLEAGEECDCGTEQDCALIGETCCDIATCRFKAGSNCAEGPCCENCLFMSKERMCRPSFEECDLPEYCNGSSASCPENHYVQTGHPCGLNQWICIDGVCMSGDKQCTDTFGKEVEFGPSECYSHLNSKTDVSGNCGISDSGYTQCEVCRNQRCVSSSYLGYDCTTDKCNDRGVCNNKKHCHCSASYLPPDCSVQSDLWPGGSIDSGNFPPVAIPARLPERRYIENIYHSKPMRWPFFLFIPFFIIFCVLIAIMVKVNFQRKKWRTEDYSSDEQPESESEPKG,6.604935553087965,disintegrin and metalloproteinase domain-containing protein 2 isoform 3 precursor [Homo sapiens],NP_001265043.1,real,Snake venom,Unknown,6.622516784889479,0.16270911359601106,0.018161627816001367,-1.6321103132249377,1.9130354532094536,-4.50654005093935,0.059653950441602495,-0.6505644823101584,-0.4650063260297765,-2.2548855608027867,0.4832600911641461,6.8448610208115355,1.7051465645118276,5,1,0
MWRVLFLLSGLGGLRMDSNFDSLPVQITVPEKIRSIIKEGIESQASYKIVIEGKPYTVNLMQKNFLPHNFRVYSYSGTGIMKPLDQDFQNFCHYQGYIEGYPKSVVMVSTCTGLRGVLQFENVSYGIEPLESSVGFEHVIYQVKHKKADVSLYNEKDIESRDLSFKLQSVEYNHMGSDTTVVAQKVFQLIGLTNAIFVSFNITIILSSLELWIDENKIATTGEANELLHTFLRWKTSYLVLRPHDVAFLLVYREKSNYVGATFQGKMCDANYAGGVVLHPRTISLESLAVILAQLLSLSMGITYDDINKCQCSGAVCIMNPEAIHFSGVKIFSNCSFEDFAHFISKQKSQCLHNQPRLDPFFKQQAVCGNAKLEAGEECDCGTEQDCALIGETCCDIATCRFKAGSNCAEGPCCENCLFMSKERMCRPSFEECDLPEYCNGSSASCPENHYVQTGHPCGLNQWICIDGVCMSGDKQCTDTFGKEVEFGPSECYSHLNSKTDVSGNCGISDSGYTQCEADNLQCGKLICKYVGKFLLQIPRATIIYANISGHLCIAVEFASDHADSQKMWIKDGTSCGSNKVCRNQRCVSSSYLGYDCTTDKCNDRGVCNNKKHCHCSASYLPPDCSVQSDLWPGGSIDSGNFPPVAIPARLPERRYIENIYHSKPMRWPFFLFIPFFIIFCVLIAIMVKVNFQRKKWRTEDYSSDEQPESESEPKG,7.243212099859061,disintegrin and metalloproteinase domain-containing protein 2 isoform 2 precursor [Homo sapiens],NP_001265042.1,real,Snake venom,Unknown,7.210705350931064,0.020451533471631363,-0.25174852457980745,-1.4426290539342912,2.1494853012452255,-3.711288781303651,0.08585951191302443,-0.5058057703864156,-0.5561464534491971,-2.3141885476888464,0.5544022139881208,7.716463877002899,1.8485986850129779,5,1,0
MWRVLFLLSGLGGLRMDSNFDSLPVQITVPEKIRSIIKEGIESQASYKIVIEGKPYTVNLMQKNFLPHNFRVYSYSGTGIMKPLDQDFQNFCHYQGYIEGYPKSVVMVSTCTGLRGVLQFENVSYGIEPLESSVGFEHVIYQVKHKKADVSLYNEKDIESRDLSFKLQSVEHPRTISLESLAVILAQLLSLSMGITYDDINKCQCSGAVCIMNPEAIHFSGVKIFSNCSFEDFAHFISKQKSQCLHNQPRLDPFFKQQAVCGNAKLEAGEECDCGTEQDCALIGETCCDIATCRFKAGSNCAEGPCCENCLFMSKERMCRPSFEECDLPEYCNGSSASCPENHYVQTGHPCGLNQWICIDGVCMSGDKQCTDTFGKEVEFGPSECYSHLNSKTDVSGNCGISDSGYTQCEADGHLCIAVEFASDHADSQKMWIKDGTSCGSNKVCRNQRCVSSSYLGYDCTTDKCNDRGVCNNKKHCHCSASYLPPDCSVQSDLWPGGSIDSGNFPPVAIPARLPERRYIENIYHSKPMRWPFFLFIPFFIIFCVLIAIMVKVNFQRKKWRTEDYSSDEQPESESEPKG,5.25585103377633,disintegrin and metalloproteinase domain-containing protein 2 isoform 4 precursor [Homo sapiens],NP_001424713.1,real,Snake venom,Unknown,5.233530084505449,-0.20532951815746867,0.01602545487485674,-1.733846870800387,1.043097804000411,-4.556770634374526,-0.2862197714101998,0.18552338909550548,-2.2377101156753936,-2.0998821344105343,0.8712316306184971,7.062761734859377,2.4897362801430223,5,1,0
NLWVTVYYGVPVWKEAKTTLFCASDAKAYEKEVHNVWATHACVPTDPNPQEMVLENVTENFNMWKNDMVDQMHEDIISLWDQSLKPCVKLTPLCVTLNCTNVNVTNTNNNNMKEEMKNCSFNTTTEIRDKKQKEYALFYRLDIVPLNENSSEYRLINCNTSTITQICPKVSFDPIPIHYCAPAGYAILKCNNKTFNGTGPCNNVSTVQCTHGIKPVVSTQLLLNGSLAEEEIIIRSENLTDNAKTIIVHLNESVEINCTRPNNMTRKSIRIGPGQTFYALGDIIGDIRQPHCNISEAKWNKTLQRVKKKLKEHFPNKTIKFAPSSGGDLEITTHSFNCRGEFFYCNTSKLFNSTYNNTTSNSTITLPCRIKQIINMWQEVGRAMYAPPIAGNITCKSNITGLLLTRDGGNNNNNTETFRPGGGDMRDNWRSELYKYKVVEIKPLGIAPTKCKRRVVERRRRRR,3.5731219559252585,"Chain C, Envelope glycoprotein gp120",8TO9_C,real,Unknown,Unknown,3.6730126379882804,-1.5364418147214993,-0.13055189656920171,1.3011875692407668,-0.9742748226396325,3.4961922358616184,0.09160653652546459,-0.8261457603764166,0.7094580100966853,-1.8192711798103633,-0.8578442148673048,2.48684673985472,0.4980380710209145,5,3,0
MWRVLFLLSGLGGLRMDSNFDSLPVQITVPEKIRSIIKEGIESQASYKIVIEGKPYTVNLMQKNFLPHNFRVYSYSGTGIMKPLDQDFQNFCHYQGYIEGYPKSVVMVSTCTGLRGVLQFENVSYGIEPLESSVGFEHVIYQVKHKKADVSLYNEKDIESRDLSFKLQSVEYNHMGSDTTVVAQKVFQLIGLTNAIFVSFNITIILSSLELWIDENKIATTGEANELLHTFLRWKTSYLVLRPHDVAFLLVYREKSNYVGATFQGKMCDANYAGGVVLHPRTISLESLAVILAQLLSLSMGITYDDINKCQCSGAVCIMNPEAIHFSGVKIFSNCSFEDFAHFISKQKSQCLHNQPRLDPFFKQQAVCGNAKLEAGEECDCGTEQDCALIGETCCDIATCRFKAGSNCAEGPCCENCLFMSKERMCRPSFEECDLPEYCNGSSASCPENHYVQTGHPCGLNQWICIDGVCMSGDKQCTDTFGKEVEFGPSECYSHLNSKTDVSGNCGISDSGYTQCEADNLQCGKLICKYVGKFLLQIPRATIIYANISGHLCIAVEFASDHADSQKMWIKDGTSCGSNKVCRNQRCVSSSYLGYDCTTDKCNDRGVCNNKKHCHCSASYLPPDCSVQSDLWPGGSIDSGNFPPVAIPARLPERRYIENIYHSKPMRWPFFLFIPFFIIFCVLIAIMVKVNFQRKKWRTEDYSSDEQPESESEPKG,7.243212099859061,disintegrin and metalloproteinase domain-containing protein 2 isoform 2 precursor [Homo sapiens],NP_001265042.1,real,Snake venom,Unknown,7.210705350931064,0.020451533471631363,-0.25174852457980745,-1.4426290539342912,2.1494853012452255,-3.711288781303651,0.08585951191302443,-0.5058057703864156,-0.5561464534491971,-2.3141885476888464,0.5544022139881208,7.716463877002899,1.8485986850129779,5,1,0
AVGLGAVFLGFLGAAGSTMGAASNTLTVQARQLLSGIVQQQSNLLRAPEAQQHMLQLGVWGFKQLQARVLAIERYLEVQQLLGIWGCSGKLICCTAVPWNSSWSNKSQEDIWDNMTWMQWDREIGNYTDTIYRLLEESQFQQEINEKDLLALD,-0.9238264417801907,"Chain I, Envelope glycoprotein gp41",8TO9_I,real,Unknown,Unknown,-0.896616900418434,-0.651932075372192,-0.825378794975992,-2.3047047364791946,2.95845232439503,-1.60583995377494,2.585466913802601,-2.6021818721732317,1.2162795985271302,1.0186181734229558,-1.6641160632520564,-0.9995646849107329,-1.0236384950622264,5,3,0
MGIQGGSVLFGLLLVLAVFCHSGHSLQCYNCPNPTADCKTAVNCSSDFDACLITKAGLQVYNKCWKFEHCNFNDVTTRLRENELTYYCCKKDLCNFNEQLENGGTSLSEKTVLLLVTPFLAAAWSLHP,-1.2864835706274043,RecName: Full=CD59 glycoprotein; AltName: Full=1F5 antigen; AltName: Full=20 kDa homologous restriction factor; Short=HRF-20; Short=HRF20; AltName: Full=MAC-inhibitory protein; Short=MAC-IP; AltName: Full=MEM43 antigen; AltName: Full=Membrane attack complex inhibition factor; Short=MACIF; AltName: Full=Membrane inhibitor of reactive lysis; Short=MIRL; AltName: Full=Protectin; AltName: CD_antigen=CD59; Flags: Precursor,P13987.1,real,Snake venom,Unknown,-1.2809371878427507,-0.004817905103091829,-1.948635679675694,-1.240732485922576,4.461689547817791,-0.8558013710536077,1.8638060671280303,-1.665351010586725,1.815872549980923,1.8464551004309113,1.8840484895682088,0.7436410274719935,3.686468290569309,5,1,0
AVGLGAVFLGFLGAAGSTMGAASNTLTVQARQLLSGIVQQQSNLLRAPEAQQHMLQLGVWGFKQLQARVLAIERYLEVQQLLGIWGCSGKLICCTAVPWNSSWSNKSQEDIWDNMTWMQWDREIGNYTDTIYRLLEESQFQQEINEKDLLALD,-0.9238264417801907,"Chain Z, Envelope glycoprotein gp41",8TO9_Z,real,Unknown,Unknown,-0.896616900418434,-0.651932075372192,-0.825378794975992,-2.3047047364791946,2.95845232439503,-1.60583995377494,2.585466913802601,-2.6021818721732317,1.2162795985271302,1.0186181734229558,-1.6641160632520564,-0.9995646849107329,-1.0236384950622264,5,3,0
LECYSCVQKADDGCSPNKMKTVKCAPGVDVCTEAVGAVETIHGQFSLAVRGCGSGLPGKNDRGLDLHGLLAFIQLQQCAQDRCNAKLNLTSRALDPAGNESAYPPNGVECYSCVGLSREACQGTSPPVVSCYNASDHVYKGCFDGNVTLTAANVTVSLPVRGCVQDEFCTRDGVTGPGFTLSGSCCQGSRCNSDLRNKTYF,-0.22752475439354045,"Chain A, Ly6/PLAUR domain-containing protein 3",6ION_A,real,Snake venom,Unknown,-0.3869357728034584,-2.697752220609636,-0.5795683484048495,-1.345868473266891,2.213345486508462,-0.8268319770674907,-0.861271458374458,1.3163495001191707,-2.9703379930266003,-0.15488391582342423,0.4300415360009,2.268946025806879,3.943152955974961,5,1,0
MGIQGGSVLFGLLLVLAVFCHSGHSLQCYNCPNPTADCKTAVNCSSDFDACLITKAGLQVYNKCWKFEHCNFNDVTTRLRENELTYYCCKKDLCNFNEQLENGGTSLSEKTVLLLVTPFLAAAWSLHP,-1.2864835706274043,RecName: Full=CD59 glycoprotein; AltName: Full=1F5 antigen; AltName: Full=20 kDa homologous restriction factor; Short=HRF-20; Short=HRF20; AltName: Full=MAC-inhibitory protein; Short=MAC-IP; AltName: Full=MEM43 antigen; AltName: Full=Membrane attack complex inhibition factor; Short=MACIF; AltName: Full=Membrane inhibitor of reactive lysis; Short=MIRL; AltName: Full=Protectin; AltName: CD_antigen=CD59; Flags: Precursor,P13987.1,real,Snake venom,Unknown,-1.2809371878427507,-0.004817905103091829,-1.948635679675694,-1.240732485922576,4.461689547817791,-0.8558013710536077,1.8638060671280303,-1.665351010586725,1.815872549980923,1.8464551004309113,1.8840484895682088,0.7436410274719935,3.686468290569309,5,1,0
MWRVLFLLSGLGGLRMDSNFDSLPVQITVPEKIRSIIKEGIESQASYKIVIEGKPYTVNLMQKNFLPHNFRVYSYSGTGIMKPLDQDFQNFCHYQGYIEGYPKSVVMVSTCTGLRGVLQFENVSYGIEPLESSVGFEHVIYQVKHKKADVSLYNEKDIESRDLSFKLQSVEHPRTISLESLAVILAQLLSLSMGITYDDINKCQCSGAVCIMNPEAIHFSGVKIFSNCSFEDFAHFISKQKSQCLHNQPRLDPFFKQQAVCGNAKLEAGEECDCGTEQDCALIGETCCDIATCRFKAGSNCAEGPCCENCLFMSKERMCRPSFEECDLPEYCNGSSASCPENHYVQTGHPCGLNQWICIDGVCMSGDKQCTDTFGKEVEFGPSECYSHLNSKTDVSGNCGISDSGYTQCEADGHLCIAVEFASDHADSQKMWIKDGTSCGSNKVCRNQRCVSSSYLGYDCTTDKCNDRGVCNNKKHCHCSASYLPPDCSVQSDLWPGGSIDSGNFPPVAIPARLPERRYIENIYHSKPMRWPFFLFIPFFIIFCVLIAIMVKVNFQRKKWRTEDYSSDEQPESESEPKG,5.25585103377633,disintegrin and metalloproteinase domain-containing protein 2 isoform 4 precursor [Homo sapiens],NP_001424713.1,real,Snake venom,Unknown,5.233530084505449,-0.20532951815746867,0.01602545487485674,-1.733846870800387,1.043097804000411,-4.556770634374526,-0.2862197714101998,0.18552338909550548,-2.2377101156753936,-2.0998821344105343,0.8712316306184971,7.062761734859377,2.4897362801430223,5,1,0
MWRVLFLLSGLGGLRMDSNFDSLPVQITVPEKIRSIIKEGIESQASYKIVIEGKPYTVNLMQKNFLPHNFRVYSYSGTGIMKPLDQDFQNFCHYQGYIEGYPKSVVMVSTCTGLRGVLQFENVSYGIEPLESSVGFEHVIYQVKHKKADVSLYNEKDIESRDLSFKLQSVEHPRTISLESLAVILAQLLSLSMGITYDDINKCQCSGAVCIMNPEAIHFSGVKIFSNCSFEDFAHFISKQKSQCLHNQPRLDPFFKQQAVCGNAKLEAGEECDCGTEQDCALIGETCCDIATCRFKAGSNCAEGPCCENCLFMSKERMCRPSFEECDLPEYCNGSSASCPENHYVQTGHPCGLNQWICIDGVCMSGDKQCTDTFGKEVEFGPSECYSHLNSKTDVSGNCGISDSGYTQCEADGHLCIAVEFASDHADSQKMWIKDGTSCGSNKVCRNQRCVSSSYLGYDCTTDKCNDRGVCNNKKHCHCSASYLPPDCSVQSDLWPGGSIDSGNFPPVAIPARLPERRYIENIYHSKPMRWPFFLFIPFFIIFCVLIAIMVKVNFQRKKWRTEDYSSDEQPESESEPKG,5.25585103377633,disintegrin and metalloproteinase domain-containing protein 2 isoform 4 precursor [Homo sapiens],NP_001424713.1,real,Snake venom,Unknown,5.233530084505449,-0.20532951815746867,0.01602545487485674,-1.733846870800387,1.043097804000411,-4.556770634374526,-0.2862197714101998,0.18552338909550548,-2.2377101156753936,-2.0998821344105343,0.8712316306184971,7.062761734859377,2.4897362801430223,5,1,0
NLWVTVYYGVPVWKEAKTTLFCASDAKAYEKEVHNVWATHACVPTDPNPQEMVLENVTENFNMWKNDMVDQMHEDIISLWDQSLKPCVKLTPLCVTLNCTNVNVTNTNNNNMKEEMKNCSFNTTTEIRDKKQKEYALFYRLDIVPLNENSSEYRLINCNTSTITQICPKVSFDPIPIHYCAPAGYAILKCNNKTFNGTGPCNNVSTVQCTHGIKPVVSTQLLLNGSLAEEEIIIRSENLTDNAKTIIVHLNESVEINCTRPNNMTRKSIRIGPGQTFYALGDIIGDIRQPHCNISEAKWNKTLQRVKKKLKEHFPNKTIKFAPSSGGDLEITTHSFNCRGEFFYCNTSKLFNSTYNNTTSNSTITLPCRIKQIINMWQEVGRAMYAPPIAGNITCKSNITGLLLTRDGGNNNNNTETFRPGGGDMRDNWRSELYKYKVVEIKPLGIAPTKCKRRVVERRRRRR,3.5731219559252585,"Chain C, Envelope glycoprotein gp120",8TO9_C,real,Unknown,Unknown,3.6730126379882804,-1.5364418147214993,-0.13055189656920171,1.3011875692407668,-0.9742748226396325,3.4961922358616184,0.09160653652546459,-0.8261457603764166,0.7094580100966853,-1.8192711798103633,-0.8578442148673048,2.48684673985472,0.4980380710209145,5,3,0
AVGLGAVFLGFLGAAGSTMGAASNTLTVQARQLLSGIVQQQSNLLRAPEAQQHMLQLGVWGFKQLQARVLAIERYLEVQQLLGIWGCSGKLICCTAVPWNSSWSNKSQEDIWDNMTWMQWDREIGNYTDTIYRLLEESQFQQEINEKDLLALD,-0.9238264417801907,"Chain I, Envelope glycoprotein gp41",8TO9_I,real,Unknown,Unknown,-0.896616900418434,-0.651932075372192,-0.825378794975992,-2.3047047364791946,2.95845232439503,-1.60583995377494,2.585466913802601,-2.6021818721732317,1.2162795985271302,1.0186181734229558,-1.6641160632520564,-0.9995646849107329,-1.0236384950622264,5,3,0
MWRVLFLLSGLGGLRMDSNFDSLPVQITVPEKIRSIIKEGIESQASYKIVIEGKPYTVNLMQKNFLPHNFRVYSYSGTGIMKPLDQDFQNFCHYQGYIEGYPKSVVMVSTCTGLRGVLQFENVSYGIEPLESSVGFEHVIYQVKHKKADVSLYNEKDIESRDLSFKLQSVEPQQDFAKYIEMHVIVEKQLYNHMGSDTTVVAQKVFQLIGLTNAIFVSFNITIILSSLELWIDENKIATTGEANELLHTFLRWKTSYLVLRPHDVAFLLVYREKSNYVGATFQGKMCDANYAGGVVLHPRTISLESLAVILAQLLSLSMGITYDDINKCQCSGAVCIMNPEAIHFSGVKIFSNCSFEDFAHFISKQKSQCLHNQPRLDPFFKQQAVCGNAKLEAGEECDCGTEQDCALIGETCCDIATCRFKAGSNCAEGPCCENCLFMSKERMCRPSFEECDLPEYCNGSSASCPENHYVQTGHPCGLNQWICIDGVCMSGDKQCTDTFGKEVEFGPSECYSHLNSKTDVSGNCGISDSGYTQCEVCRNQRCVSSSYLGYDCTTDKCNDRGVCNNKKHCHCSASYLPPDCSVQSDLWPGGSIDSGNFPPVAIPARLPERRYIENIYHSKPMRWPFFLFIPFFIIFCVLIAIMVKVNFQRKKWRTEDYSSDEQPESESEPKG,6.604935553087965,disintegrin and metalloproteinase domain-containing protein 2 isoform 3 precursor [Homo sapiens],NP_001265043.1,real,Snake venom,Unknown,6.622516784889479,0.16270911359601106,0.018161627816001367,-1.6321103132249377,1.9130354532094536,-4.50654005093935,0.059653950441602495,-0.6505644823101584,-0.4650063260297765,-2.2548855608027867,0.4832600911641461,6.8448610208115355,1.7051465645118276,5,1,0
NLWVTVYYGVPVWKEAKTTLFCASDAKAYEKEVHNVWATHACVPTDPNPQEMVLENVTENFNMWKNDMVDQMHEDIISLWDQSLKPCVKLTPLCVTLNCTNVNVTNTNNNNMKEEMKNCSFNTTTEIRDKKQKEYALFYRLDIVPLNENSSEYRLINCNTSTITQICPKVSFDPIPIHYCAPAGYAILKCNNKTFNGTGPCNNVSTVQCTHGIKPVVSTQLLLNGSLAEEEIIIRSENLTDNAKTIIVHLNESVEINCTRPNNMTRKSIRIGPGQTFYALGDIIGDIRQPHCNISEAKWNKTLQRVKKKLKEHFPNKTIKFAPSSGGDLEITTHSFNCRGEFFYCNTSKLFNSTYNNTTSNSTITLPCRIKQIINMWQEVGRAMYAPPIAGNITCKSNITGLLLTRDGGNNNNNTETFRPGGGDMRDNWRSELYKYKVVEIKPLGIAPTKCKRRVVERRRRRR,3.5731219559252585,"Chain C, Envelope glycoprotein gp120",8TO9_C,real,Unknown,Unknown,3.6730126379882804,-1.5364418147214993,-0.13055189656920171,1.3011875692407668,-0.9742748226396325,3.4961922358616184,0.09160653652546459,-0.8261457603764166,0.7094580100966853,-1.8192711798103633,-0.8578442148673048,2.48684673985472,0.4980380710209145,5,3,0
NLWVTVYYGVPVWKEAKTTLFCASDAKAYEKEVHNVWATHACVPTDPNPQEMVLENVTENFNMWKNDMVDQMHEDIISLWDQSLKPCVKLTPLCVTLNCTNVNVTNTNNNNMKEEMKNCSFNTTTEIRDKKQKEYALFYRLDIVPLNENSSEYRLINCNTSTITQICPKVSFDPIPIHYCAPAGYAILKCNNKTFNGTGPCNNVSTVQCTHGIKPVVSTQLLLNGSLAEEEIIIRSENLTDNAKTIIVHLNESVEINCTRPNNMTRKSIRIGPGQTFYALGDIIGDIRQPHCNISEAKWNKTLQRVKKKLKEHFPNKTIKFAPSSGGDLEITTHSFNCRGEFFYCNTSKLFNSTYNNTTSNSTITLPCRIKQIINMWQEVGRAMYAPPIAGNITCKSNITGLLLTRDGGNNNNNTETFRPGGGDMRDNWRSELYKYKVVEIKPLGIAPTKCKRRVVERRRRRR,3.5731219559252585,"Chain C, Envelope glycoprotein gp120",8TO9_C,real,Unknown,Unknown,3.6730126379882804,-1.5364418147214993,-0.13055189656920171,1.3011875692407668,-0.9742748226396325,3.4961922358616184,0.09160653652546459,-0.8261457603764166,0.7094580100966853,-1.8192711798103633,-0.8578442148673048,2.48684673985472,0.4980380710209145,5,3,0
LECYSCVQKADDGCSPNKMKTVKCAPGVDVCTEAVGAVETIHGQFSLAVRGCGSGLPGKNDRGLDLHGLLAFIQLQQCAQDRCNAKLNLTSRALDPAGNESAYPPNGVECYSCVGLSREACQGTSPPVVSCYNASDHVYKGCFDGNVTLTAANVTVSLPVRGCVQDEFCTRDGVTGPGFTLSGSCCQGSRCNSDLRNKTYF,-0.22752475439354045,"Chain A, Ly6/PLAUR domain-containing protein 3",6ION_A,real,Snake venom,Unknown,-0.3869357728034584,-2.697752220609636,-0.5795683484048495,-1.345868473266891,2.213345486508462,-0.8268319770674907,-0.861271458374458,1.3163495001191707,-2.9703379930266003,-0.15488391582342423,0.4300415360009,2.268946025806879,3.943152955974961,5,1,0
LQCYNCPNPTADCKTAVNCSSDFDACLITKAGLQVYNKCWKFEHCNFNDVTTRLRENELTYYCCKKDLCNFNEQLEN,-2.02630411347572,"Chain A, CD59",1CDS_A,real,Snake venom,Unknown,-1.9522485908957954,0.9807631269838571,-1.3801547077714669,-1.9696884694026537,-1.4993544007956445,-0.8541513754178964,0.9359564071178665,-2.1771673791446458,-0.9359427965774388,4.780997241998121,4.02244211310593,0.5257403134241527,6.806149408325258,5,1,0
AVGLGAVFLGFLGAAGSTMGAASNTLTVQARQLLSGIVQQQSNLLRAPEAQQHMLQLGVWGFKQLQARVLAIERYLEVQQLLGIWGCSGKLICCTAVPWNSSWSNKSQEDIWDNMTWMQWDREIGNYTDTIYRLLEESQFQQEINEKDLLALD,-0.9238264417801907,"Chain I, Envelope glycoprotein gp41",8TO9_I,real,Unknown,Unknown,-0.896616900418434,-0.651932075372192,-0.825378794975992,-2.3047047364791946,2.95845232439503,-1.60583995377494,2.585466913802601,-2.6021818721732317,1.2162795985271302,1.0186181734229558,-1.6641160632520564,-0.9995646849107329,-1.0236384950622264,5,3,0
LECYSCVQKADDGCSPNKMKTVKCAPGVDVCTEAVGAVETIHGQFSLAVRGCGSGLPGKNDRGLDLHGLLAFIQLQQCAQDRCNAKLNLTSRALDPAGNESAYPPNGVECYSCVGLSREACQGTSPPVVSCYNASDHVYKGCFDGNVTLTAANVTVSLPVRGCVQDEFCTRDGVTGPGFTLSGSCCQGSRCNSDLRNKTYF,-0.22752475439354045,"Chain B, Ly6/PLAUR domain-containing protein 3",6IOM_B,real,Snake venom,Unknown,-0.3869357728034584,-2.697752220609636,-0.5795683484048495,-1.345868473266891,2.213345486508462,-0.8268319770674907,-0.861271458374458,1.3163495001191707,-2.9703379930266003,-0.15488391582342423,0.4300415360009,2.268946025806879,3.943152955974961,5,1,0
NLWVTVYYGVPVWKEAKTTLFCASDAKAYEKEVHNVWATHACVPTDPNPQEMVLENVTENFNMWKNDMVDQMHEDIISLWDQSLKPCVKLTPLCVTLNCTNVNVTNTNNNNMKEEMKNCSFNTTTEIRDKKQKEYALFYRLDIVPLNENSSEYRLINCNTSTITQICPKVSFDPIPIHYCAPAGYAILKCNNKTFNGTGPCNNVSTVQCTHGIKPVVSTQLLLNGSLAEEEIIIRSENLTDNAKTIIVHLNESVEINCTRPNNMTRKSIRIGPGQTFYALGDIIGDIRQPHCNISEAKWNKTLQRVKKKLKEHFPNKTIKFAPSSGGDLEITTHSFNCRGEFFYCNTSKLFNSTYNNTTSNSTITLPCRIKQIINMWQEVGRAMYAPPIAGNITCKSNITGLLLTRDGGNNNNNTETFRPGGGDMRDNWRSELYKYKVVEIKPLGIAPTKCKRRVVERRRRRR,3.5731219559252585,"Chain C, Envelope glycoprotein gp120",8TO9_C,real,Unknown,Unknown,3.6730126379882804,-1.5364418147214993,-0.13055189656920171,1.3011875692407668,-0.9742748226396325,3.4961922358616184,0.09160653652546459,-0.8261457603764166,0.7094580100966853,-1.8192711798103633,-0.8578442148673048,2.48684673985472,0.4980380710209145,5,3,0
LECYSCVQKADDGCSPNKMKTVKCAPGVDVCTEAVGAVETIHGQFSLAVRGCGSGLPGKNDRGLDLHGLLAFIQLQQCAQDRCNAKLNLTSRALDPAGNESAYPPNGVECYSCVGLSREACQGTSPPVVSCYNASDHVYKGCFDGNVTLTAANVTVSLPVRGCVQDEFCTRDGVTGPGFTLSGSCCQGSRCNSDLRNKTYF,-0.22752475439354045,"Chain A, Ly6/PLAUR domain-containing protein 3",6IOM_A,real,Snake venom,Unknown,-0.3869357728034584,-2.697752220609636,-0.5795683484048495,-1.345868473266891,2.213345486508462,-0.8268319770674907,-0.861271458374458,1.3163495001191707,-2.9703379930266003,-0.15488391582342423,0.4300415360009,2.268946025806879,3.943152955974961,5,1,0
